Workbook

Sheet Instructions
B1: CASWJ Volunteer Hours Tracking
B3: Use this workbook to record volunteer service completed for CASWJ and its Artistic Organizations. Volunteer hours may be entered by individual volunteers or by an authorized coordinator on behalf of a group.
B5: Volunteer time is valued using either CASWJ's current Utah volunteer valuation rate or an approved professional billing rate, depending on the volunteer's assigned rate type.
B8: How to Enter Volunteer Hours
B10: 1. Go to the Volunteer Log sheet.
B11: 2. Enter the date the volunteer service occurred.
B12: 3. Select the Project / Event, Volunteer, Group / Organization, and Task Category.
B13: 4. Choose the Entry Method:
C14: • Start / End Time: enter the start and end times.
C15: • Total Hours: enter the total time in Manual Hours.
B16: 5. Review the calculated Hours, Hourly Rate, and In-Kind Value.
B17: 6. Select any applicable Tags and identify who entered the record.
B18: 7. Enter the Date Entered and add Notes when additional context is helpful.
B21: Volunteer Rates & In-Kind Value
B23: CASWJ uses a standard Utah volunteer valuation rate for most volunteer service. When a volunteer is providing professional services and has an approved professional billing rate, that rate may be used instead. The In-Kind Value is calculated automatically by multiplying the volunteer's recorded hours by the applicable hourly rate. Professional billing rates should only be used when they reasonably reflect the volunteer's normal rate for the professional service being provided.
B26: Workbook Guide
B28: Instructions Overview and instructions for using this workbook. Volunteer Log Enter and review individual volunteer service records. Volunteers Maintain the volunteer roster, contact information, status, and assigned rate type. Lists & Settings Maintain dropdown lists, organization names, task categories, projects/events, tags, and valuation settings. Summary Review volunteer hours, in-kind value, organization totals, task categories, monthly activity, top volunteers, and project/event totals.
B31: Data Entry Reminders
B33: • Enter volunteer service as soon as practical after it occurs.
B34: • Use the most accurate Entry Method available.
B35: • Do not enter the same volunteer service more than once.
B36: • Select the organization that received the benefit of the volunteer service.
... B44: For questions about volunteer hour reporting, rate types, projects/events, or corrections to submitted entries, contact the Cultural Arts Society of West Jordan. Do not change formulas, protected settings, or summary calculations unless you are authorized to maintain this workbook.

Sheet Volunteer Log
A1: Date | B1: Project / Event | C1: Volunteer | D1: Group / Organization | E1: Task Category | F1: Entry Method | G1: Start Time | H1: End Time | I1: Manual Duration | J1: Hours | K1: Rate Type | L1: Hourly Rate | M1: In-Kind Value | N1: Tags | O1: Entered By | P1: Date Entered | Q1: Hour Attribution | R1: Notes | S1: Volunteer ID
A2: 46053 | B2: General - West Jordan Symphony | C2: Trevor McFarland | D2: West Jordan Symphony | E2: Committee Member Hours | F2: Total Hours | G2: 0.875 | H2: 0.91666667 | I2: 1.0416667 | J2: {=IF(A2:A992="","", IF(F2:F992="Total Hours", IF(I2:I992="","",I2:I992*24), IF(F2:F992="Start / End Time", IF((G2:G992="")+(H2:H992=""),"",24*MOD(H2:H992-G2:G992,1)), "" ) ) )} -> 25 | K2: {=MAP(C2:C991,LAMBDA(name, IF(name="","", IFERROR( _xlfn.XLOOKUP( TRIM(CLEAN(name)), TRIM(CLEAN(Volunteers!D2:D999)), Volunteers!I2:I999 ), "" ))))} -> Utah Volunteer Rate | L2: {=IF(C2:C991="","", IFNA(VLOOKUP(C2:C991,Volunteers!D:K,8,FALSE),"") )} -> 35.47 | M2: {=IF((J2:J991="")+(L2:L991=""),"", J2:J991*L2:L991 )} -> 886.75 | N2: (Org) West Jordan Symphony, (Type) Committee Member Hours | O2: Clockify Import | P2: 46053 | R2: Trevor McFarland - Director/January | T2: {=IF(I2:I238="","",I2:I238/24)} -> 0.043402778
A3: 46053 | B3: General - West Jordan Symphony | C3: Samuel Abramson | D3: West Jordan Symphony | E3: Committee Member Hours | F3: Total Hours | G3: 0.875 | H3: 0.91666667 | I3: 1.0416667 | J3: 25 | K3: Utah Volunteer Rate | L3: 35.47 | M3: 886.75 | N3: (Org) West Jordan Symphony, (Type) Committee Member Hours | O3: Clockify Import | P3: 46053 | R3: Sam Abramson- Assistant Director/January | T3: 0.043402778
A4: 46053 | B4: General - West Jordan Youth Theatre | C4: Alex Moffitt | D4: West Jordan Youth Theatre | E4: Participant Hours | F4: Total Hours | G4: 0.75902778 | H4: 0.17569444 | I4: 30.416667 | J4: 730 | K4: Utah Volunteer Rate | L4: 35.47 | M4: 25893.1 | N4: (Org) West Jordan Youth Theatre | O4: Clockify Import | P4: 46053 | R4: WJYT January Volunteer Hours | S4: {=IF(C4="","",IFERROR(_xlfn.XLOOKUP(C4,Volunteers!D:D,Volunteers!A:A),""))} -> 001 | T4: 1.2673611
A5: 46053 | B5: General - West Jordan Symphony | C5: Diana Larsen | D5: West Jordan Symphony | E5: Committee Member Hours | F5: Total Hours | G5: 0.375 | H5: 0.41666667 | I5: 1.0416667 | J5: 25 | K5: Utah Volunteer Rate | L5: 35.47 | M5: 886.75 | N5: (Org) West Jordan Symphony, (Type) Committee Member Hours | O5: Clockify Import | P5: 46053 | R5: Board members/January | S5: {=IF(C5="","",IFERROR(_xlfn.XLOOKUP(C5,Volunteers!D:D,Volunteers!A:A),""))} -> 007 | T5: 0.043402778
A6: 46053 | B6: General - West Jordan Symphony | C6: Diana Larsen | D6: West Jordan Symphony | E6: Participant Hours | F6: Total Hours | G6: 0.375 | H6: 0.85416667 | I6: 4.4791667 | J6: 107.5 | K6: Utah Volunteer Rate | L6: 35.47 | M6: 3813.025 | N6: (Type) Participant Hours, (Org) West Jordan Symphony | O6: Clockify Import | P6: 46053 | R6: Rehearsal | S6: {=IF(C6="","",IFERROR(_xlfn.XLOOKUP(C6,Volunteers!D:D,Volunteers!A:A),""))} -> 007 | T6: 0.18663194
A7: 46050 | B7: Art in the Park 2026 | C7: Briana Thaxton | D7: Visual Arts Society | E7: Committee Member Hours | F7: Total Hours | G7: 0.54166667 | H7: 0.58680556 | I7: 0.045138875 | J7: 1.083333 | K7: Utah Volunteer Rate | L7: 35.47 | M7: 38.425822 | N7: (Event) Art in the Park 2026, (Org) Visual Arts Society, (Type) Committee Member Hours | O7: Clockify Import | P7: 46050 | R7: Google Meet with Dillon | S7: {=IF(C7="","",IFERROR(_xlfn.XLOOKUP(C7,Volunteers!D:D,Volunteers!A:A),""))} -> 003 | T7: 0.0018807865
A8: 46046 | B8: General - West Jordan Symphony | C8: Diana Larsen | D8: West Jordan Symphony | E8: Participant Hours | F8: Total Hours | G8: 0.375 | H8: 0.375 | I8: 5 | J8: 120 | K8: Utah Volunteer Rate | L8: 35.47 | M8: 4256.4 | N8: (Type) Participant Hours, (Org) West Jordan Symphony | O8: Clockify Import | P8: 46046 | R8: Rehearsal | S8: {=IF(C8="","",IFERROR(_xlfn.XLOOKUP(C8,Volunteers!D:D,Volunteers!A:A),""))} -> 007 | T8: 0.20833333
A9: 46043 | B9: Art in the Park 2026 | C9: Briana Thaxton | D9: Visual Arts Society | E9: Committee Member Hours | F9: Total Hours | G9: 0.54166667 | H9: 0.63888889 | I9: 0.097222208 | J9: 2.333333 | K9: Utah Volunteer Rate | L9: 35.47 | M9: 82.763322 | N9: (Event) Art in the Park 2026, (Type) Committee Member Hours, (Org) Visual Arts Society | O9: Clockify Import | P9: 46043 | R9: Google Meet with Dillon | S9: {=IF(C9="","",IFERROR(_xlfn.XLOOKUP(C9,Volunteers!D:D,Volunteers!A:A),""))} -> 003 | T9: 0.0040509253
A10: 46039 | B10: General - West Jordan Symphony | C10: Diana Larsen | D10: West Jordan Symphony | E10: Participant Hours | F10: Total Hours | G10: 0.375 | H10: 0.54166667 | I10: 4.1666667 | J10: 100 | K10: Utah Volunteer Rate | L10: 35.47 | M10: 3547 | N10: (Type) Participant Hours, (Org) West Jordan Symphony | O10: Clockify Import | P10: 46039 | R10: Rehearsal | S10: {=IF(C10="","",IFERROR(_xlfn.XLOOKUP(C10,Volunteers!D:D,Volunteers!A:A),""))} -> 007 | T10: 0.17361111
A11: 46032 | B11: General - West Jordan Symphony | C11: Diana Larsen | D11: West Jordan Symphony | E11: Participant Hours | F11: Total Hours | G11: 0.375 | H11: 0.64583333 | I11: 4.2708333 | J11: 102.5 | K11: Utah Volunteer Rate | L11: 35.47 | M11: 3635.675 | N11: (Type) Participant Hours, (Org) West Jordan Symphony | O11: Clockify Import | P11: 46032 | R11: Rehearsal | S11: {=IF(C11="","",IFERROR(_xlfn.XLOOKUP(C11,Volunteers!D:D,Volunteers!A:A),""))} -> 007 | T11: 0.17795139
A12: 46081 | B12: General - West Jordan Symphony | D12: West Jordan Symphony | E12: Committee Member Hours | F12: Total Hours | G12: 0.91666667 | H12: 0.95833333 | I12: 1.0416667 | J12: 25 | N12: (Org) West Jordan Symphony, (Type) Committee Member Hours | O12: Clockify Import | P12: 46081 | R12: Board members/January | S12: {=IF(C12="","",IFERROR(_xlfn.XLOOKUP(C12,Volunteers!D:D,Volunteers!A:A),""))} | T12: 0.043402778
A13: 46081 | B13: General - West Jordan Symphony | C13: Samuel Abramson | D13: West Jordan Symphony | E13: Committee Member Hours | F13: Total Hours | G13: 0.875 | H13: 0.91666667 | I13: 1.0416667 | J13: 25 | K13: Utah Volunteer Rate | L13: 35.47 | M13: 886.75 | N13: (Org) West Jordan Symphony, (Type) Committee Member Hours | O13: Clockify Import | P13: 46081 | R13: Sam Abramson- Assistant Director/February | S13: {=IF(C13="","",IFERROR(_xlfn.XLOOKUP(C13,Volunteers!D:D,Volunteers!A:A),""))} -> 015 | T13: 0.043402778
A14: 46081 | B14: General - West Jordan Symphony | C14: Trevor McFarland | D14: West Jordan Symphony | E14: Committee Member Hours | F14: Total Hours | G14: 0.875 | H14: 0.91666667 | I14: 1.0416667 | J14: 25 | K14: Utah Volunteer Rate | L14: 35.47 | M14: 886.75 | N14: (Org) West Jordan Symphony, (Type) Committee Member Hours | O14: Clockify Import | P14: 46081 | R14: Trevor McFarland - Director/February | S14: {=IF(C14="","",IFERROR(_xlfn.XLOOKUP(C14,Volunteers!D:D,Volunteers!A:A),""))} -> 016 | T14: 0.043402778
A15: 46081 | B15: General - West Jordan Youth Theatre | C15: Alex Moffitt | D15: West Jordan Youth Theatre | E15: Participant Hours | F15: Total Hours | G15: 0.84236111 | H15: 0.0090277778 | I15: 2.1666667 | J15: 52 | K15: Utah Volunteer Rate | L15: 35.47 | M15: 1844.44 | N15: (Org) West Jordan Youth Theatre, (Type) Participant Hours | O15: Clockify Import | P15: 46081 | R15: WJYT February Volunteer hours | S15: {=IF(C15="","",IFERROR(_xlfn.XLOOKUP(C15,Volunteers!D:D,Volunteers!A:A),""))} -> 001 | T15: 0.090277778
A16: 46081 | B16: General - West Jordan Symphony | C16: Diana Larsen | D16: West Jordan Symphony | E16: Participant Hours | F16: Total Hours | G16: 0.75 | H16: 0.4375 | I16: 4.6875 | J16: 112.5 | K16: Utah Volunteer Rate | L16: 35.47 | M16: 3990.375 | N16: (Type) Participant Hours, (Org) West Jordan Symphony | O16: Clockify Import | P16: 46081 | R16: Concert | S16: {=IF(C16="","",IFERROR(_xlfn.XLOOKUP(C16,Volunteers!D:D,Volunteers!A:A),""))} -> 007 | T16: 0.1953125
A17: 46081 | B17: General - Visual Arts Society | C17: Anna Nelson | D17: Visual Arts Society | E17: Committee Member Hours | F17: Total Hours | G17: 0.58680556 | H17: 0.65625 | I17: 0.069444458 | J17: 1.666667 | K17: Utah Volunteer Rate | L17: 35.47 | M17: 59.116678 | N17: (Type) Committee Member Hours | O17: Clockify Import | P17: 46081 | R17: WJAC Meeting | S17: {=IF(C17="","",IFERROR(_xlfn.XLOOKUP(C17,Volunteers!D:D,Volunteers!A:A),""))} -> 002 | T17: 0.0028935191
A18: 46081 | B18: General - Visual Arts Society | C18: Maya Collinwood | D18: Visual Arts Society | E18: Committee Member Hours | F18: Total Hours | G18: 0.58333333 | H18: 0.66666667 | I18: 0.083333333 | J18: 2 | K18: Utah Volunteer Rate | L18: 35.47 | M18: 70.94 | N18: (Type) Committee Member Hours | O18: Clockify Import | P18: 46081 | R18: Committee meeting | S18: {=IF(C18="","",IFERROR(_xlfn.XLOOKUP(C18,Volunteers!D:D,Volunteers!A:A),""))} -> 013 | T18: 0.0034722222
A19: 46081 | B19: Art in the Park May 2026 | C19: Briana Thaxton | D19: Visual Arts Society | E19: Committee Member Hours | F19: Total Hours | G19: 0.58333333 | H19: 0.65625 | I19: 0.072916667 | J19: 1.75 | K19: Utah Volunteer Rate | L19: 35.47 | M19: 62.0725 | N19: (Event) Art in the Park 2026, (Org) Visual Arts Society, (Type) Committee Member Hours | O19: Clockify Import | P19: 46081 | R19: Meeting with Michael | S19: {=IF(C19="","",IFERROR(_xlfn.XLOOKUP(C19,Volunteers!D:D,Volunteers!A:A),""))} -> 003 | T19: 0.0030381944
A20: 46081 | B20: General - Literary Arts Society | C20: Rachel O'Crowley | D20: CASWJ | E20: CASWJ Board Hours | F20: Total Hours | G20: 0.375 | H20: 0.70833333 | I20: 0.33333333 | J20: 8 | K20: Utah Volunteer Rate | L20: 35.47 | M20: 283.76 | N20: (Type) CASWJ Board Hours | O20: Clockify Import | P20: 46081 | R20: CASWJ Board Hours | S20: {=IF(C20="","",IFERROR(_xlfn.XLOOKUP(C20,Volunteers!D:D,Volunteers!A:A),""))} -> 014 | T20: 0.013888889
A21: 46081 | B21: General - Visual Arts Society | C21: Rachel O'Crowley | D21: Visual Arts Society | E21: Committee Member Hours | F21: Total Hours | G21: 0.375 | H21: 0.79166667 | I21: 0.41666667 | J21: 10 | K21: Utah Volunteer Rate | L21: 35.47 | M21: 354.7 | N21: (Type) Committee Member Hours | O21: Clockify Import | P21: 46081 | R21: Visual Arts | S21: {=IF(C21="","",IFERROR(_xlfn.XLOOKUP(C21,Volunteers!D:D,Volunteers!A:A),""))} -> 014 | T21: 0.017361111
A22: 46081 | B22: General - West Jordan Symphony | C22: Diana Larsen | D22: West Jordan Symphony | E22: Participant Hours | F22: Total Hours | G22: 0.375 | H22: 0.16666667 | I22: 4.7916667 | J22: 115 | K22: Utah Volunteer Rate | L22: 35.47 | M22: 4079.05 | N22: (Type) Participant Hours, (Org) West Jordan Symphony | O22: Clockify Import | P22: 46081 | R22: Rehearsal | S22: {=IF(C22="","",IFERROR(_xlfn.XLOOKUP(C22,Volunteers!D:D,Volunteers!A:A),""))} -> 007 | T22: 0.19965278
A23: 46081 | C23: Lynette Owens | E23: CASWJ Board Hours | F23: Total Hours | G23: 0.36458333 | H23: 0.42083333 | I23: 0.05625 | J23: 1.35 | K23: Utah Volunteer Rate | L23: 35.47 | M23: 47.8845 | N23: (Type) CASWJ Board Hours | O23: Clockify Import | P23: 46081 | R23: CASWJ entities review | S23: {=IF(C23="","",IFERROR(_xlfn.XLOOKUP(C23,Volunteers!D:D,Volunteers!A:A),""))} -> 011 | T23: 0.00234375
A24: 46081 | B24: General / No Specific Project | C24: Chelsea McGee | D24: CASWJ | E24: CASWJ Board Hours | F24: Total Hours | G24: 0.29791667 | H24: 0.96458333 | I24: 0.66666667 | J24: 16 | K24: Utah Volunteer Rate | L24: 35.47 | M24: 567.52 | N24: (Org) CASWJ Board, (Type) CASWJ Board Hours | O24: Clockify Import | P24: 46081 | R24: Treasurer tasks February | S24: {=IF(C24="","",IFERROR(_xlfn.XLOOKUP(C24,Volunteers!D:D,Volunteers!A:A),""))} -> 005 | T24: 0.027777778
A25: 46081 | B25: General - West Jordan Youth Theatre | C25: Alex Moffitt | D25: West Jordan Youth Theatre | E25: Participant Hours | F25: Total Hours | G25: 0.17569444 | H25: 0.84236111 | I25: 41.625 | J25: 999 | K25: Utah Volunteer Rate | L25: 35.47 | M25: 35434.53 | N25: (Org) West Jordan Youth Theatre | O25: Clockify Import | P25: 46081 | R25: WJYT February Volunteer hours | S25: {=IF(C25="","",IFERROR(_xlfn.XLOOKUP(C25,Volunteers!D:D,Volunteers!A:A),""))} -> 001 | T25: 1.734375
A26: 46079 | C26: Lynette Owens | E26: CASWJ Board Hours | F26: Total Hours | G26: 0.40625 | H26: 0.43402778 | I26: 0.027777792 | J26: 0.666667 | K26: Utah Volunteer Rate | L26: 35.47 | M26: 23.646678 | N26: (Type) CASWJ Board Hours | O26: Clockify Import | P26: 46079 | R26: CASWJ entities review | S26: {=IF(C26="","",IFERROR(_xlfn.XLOOKUP(C26,Volunteers!D:D,Volunteers!A:A),""))} -> 011 | T26: 0.001157408
A27: 46078 | B27: Art in the Park May 2026 | C27: Briana Thaxton | D27: Visual Arts Society | E27: Committee Member Hours | F27: Total Hours | G27: 0.49027778 | H27: 0.51041667 | I27: 0.020138875 | J27: 0.483333 | K27: Utah Volunteer Rate | L27: 35.47 | M27: 17.143822 | N27: (Event) Art in the Park 2026, (Org) Visual Arts Society, (Type) Committee Member Hours | O27: Clockify Import | P27: 46078 | R27: Artist Apps | S27: {=IF(C27="","",IFERROR(_xlfn.XLOOKUP(C27,Volunteers!D:D,Volunteers!A:A),""))} -> 003 | T27: 0.00083911979
A28: 46077 | C28: Lynette Owens | E28: CASWJ Board Hours | F28: Total Hours | G28: 0.37847222 | H28: 0.40625 | I28: 0.027777792 | J28: 0.666667 | K28: Utah Volunteer Rate | L28: 35.47 | M28: 23.646678 | N28: (Type) CASWJ Board Hours | O28: Clockify Import | P28: 46077 | R28: CASWJ entities review | S28: {=IF(C28="","",IFERROR(_xlfn.XLOOKUP(C28,Volunteers!D:D,Volunteers!A:A),""))} -> 011 | T28: 0.001157408
A29: 46074 | C29: Lynette Owens | E29: CASWJ Board Hours | F29: Total Hours | G29: 0.55208333 | H29: 0.60416667 | I29: 0.052083333 | J29: 1.25 | K29: Utah Volunteer Rate | L29: 35.47 | M29: 44.3375 | N29: (Type) CASWJ Board Hours | O29: Clockify Import | P29: 46074 | R29: (Without Description) | S29: {=IF(C29="","",IFERROR(_xlfn.XLOOKUP(C29,Volunteers!D:D,Volunteers!A:A),""))} -> 011 | T29: 0.0021701389
A30: 46074 | C30: Lynette Owens | E30: CASWJ Board Hours | F30: Total Hours | G30: 0.5 | H30: 0.55208333 | I30: 0.052083333 | J30: 1.25 | K30: Utah Volunteer Rate | L30: 35.47 | M30: 44.3375 | N30: (Type) CASWJ Board Hours | O30: Clockify Import | P30: 46074 | R30: CASWJ Board mtg | S30: {=IF(C30="","",IFERROR(_xlfn.XLOOKUP(C30,Volunteers!D:D,Volunteers!A:A),""))} -> 011 | T30: 0.0021701389
A31: 46074 | B31: General - West Jordan Symphony | C31: Diana Larsen | D31: West Jordan Symphony | E31: Participant Hours | F31: Total Hours | G31: 0.375 | H31: 0.0625 | I31: 4.6875 | J31: 112.5 | K31: Utah Volunteer Rate | L31: 35.47 | M31: 3990.375 | N31: (Type) Participant Hours, (Org) West Jordan Symphony | O31: Clockify Import | P31: 46074 | R31: Rehearsal | S31: {=IF(C31="","",IFERROR(_xlfn.XLOOKUP(C31,Volunteers!D:D,Volunteers!A:A),""))} -> 007 | T31: 0.1953125
A32: 46071 | B32: Art in the Park May 2026 | C32: Briana Thaxton | D32: Visual Arts Society | E32: Committee Member Hours | F32: Total Hours | G32: 0.39583333 | H32: 0.41736111 | I32: 0.021527792 | J32: 0.516667 | K32: Utah Volunteer Rate | L32: 35.47 | M32: 18.326178 | N32: (Event) Art in the Park 2026, (Org) Visual Arts Society, (Type) Committee Member Hours | O32: Clockify Import | P32: 46071 | R32: Artist Apps | S32: {=IF(C32="","",IFERROR(_xlfn.XLOOKUP(C32,Volunteers!D:D,Volunteers!A:A),""))} -> 003 | T32: 0.00089699132
A33: 46067 | B33: General - West Jordan Symphony | C33: Diana Larsen | D33: West Jordan Symphony | E33: Participant Hours | F33: Total Hours | G33: 0.375 | H33: 0.47916667 | I33: 5.1041667 | J33: 122.5 | K33: Utah Volunteer Rate | L33: 35.47 | M33: 4345.075 | N33: (Type) Participant Hours, (Org) West Jordan Symphony | O33: Clockify Import | P33: 46067 | R33: Rehearsal | S33: {=IF(C33="","",IFERROR(_xlfn.XLOOKUP(C33,Volunteers!D:D,Volunteers!A:A),""))} -> 007 | T33: 0.21267361
A34: 46066 | B34: General - West Jordan Youth Theatre | C34: Brook Mann | D34: West Jordan Youth Theatre | E34: Committee Member Hours | F34: Total Hours | G34: 0.80347222 | H34: 0.85902778 | I34: 0.055555542 | J34: 1.333333 | K34: Utah Volunteer Rate | L34: 35.47 | M34: 47.293322 | N34: (Org) West Jordan Youth Theatre, (Type) Committee Member Hours | O34: Clockify Import | P34: 46066 | R34: Ticket taking | S34: {=IF(C34="","",IFERROR(_xlfn.XLOOKUP(C34,Volunteers!D:D,Volunteers!A:A),""))} -> 004 | T34: 0.0023148142
A35: 46064 | B35: Art in the Park May 2026 | C35: Briana Thaxton | D35: Visual Arts Society | E35: Committee Member Hours | F35: Total Hours | G35: 0.90277778 | H35: 0.92083333 | I35: 0.018055542 | J35: 0.433333 | K35: Utah Volunteer Rate | L35: 35.47 | M35: 15.370322 | N35: (Event) Art in the Park 2026, (Org) Visual Arts Society, (Type) Committee Member Hours | O35: Clockify Import | P35: 46064 | R35: Artist Apps | S35: {=IF(C35="","",IFERROR(_xlfn.XLOOKUP(C35,Volunteers!D:D,Volunteers!A:A),""))} -> 003 | T35: 0.00075231424
A36: 46064 | B36: General - West Jordan Symphony | C36: Marche Weffer | D36: West Jordan Symphony | E36: Committee Member Hours | F36: Total Hours | G36: 0.46111111 | H36: 0.46875 | I36: 0.007638875 | J36: 0.183333 | K36: Utah Volunteer Rate | L36: 35.47 | M36: 6.5028215 | N36: (Type) Committee Member Hours | O36: Clockify Import | P36: 46064 | R36: Reviewing Annual Report | S36: {=IF(C36="","",IFERROR(_xlfn.XLOOKUP(C36,Volunteers!D:D,Volunteers!A:A),""))} -> 012 | T36: 0.00031828646
A37: 46064 | B37: General - West Jordan Symphony | C37: Marche Weffer | D37: West Jordan Symphony | E37: Committee Member Hours | F37: Total Hours | G37: 0.44305556 | H37: 0.45416667 | I37: 0.011111125 | J37: 0.266667 | K37: Utah Volunteer Rate | L37: 35.47 | M37: 9.4586785 | N37: (Type) Committee Member Hours | O37: Clockify Import | P37: 46064 | R37: Reviewing Annual Report | S37: {=IF(C37="","",IFERROR(_xlfn.XLOOKUP(C37,Volunteers!D:D,Volunteers!A:A),""))} -> 012 | T37: 0.00046296354
A38: 46064 | B38: General - West Jordan Symphony | C38: Marche Weffer | D38: West Jordan Symphony | E38: Committee Member Hours | F38: Total Hours | G38: 0.43680556 | H38: 0.44097222 | I38: 0.0041666667 | J38: 0.1 | K38: Utah Volunteer Rate | L38: 35.47 | M38: 3.547 | N38: (Type) Committee Member Hours | O38: Clockify Import | P38: 46064 | R38: Docusigning Code of Ethics | S38: {=IF(C38="","",IFERROR(_xlfn.XLOOKUP(C38,Volunteers!D:D,Volunteers!A:A),""))} -> 012 | T38: 0.00017361111
A39: 46064 | B39: General - West Jordan Symphony | C39: Marche Weffer | D39: West Jordan Symphony | E39: Committee Member Hours | F39: Total Hours | G39: 0.43194444 | H39: 0.43611111 | I39: 0.0041666667 | J39: 0.1 | K39: Utah Volunteer Rate | L39: 35.47 | M39: 3.547 | N39: (Org) West Jordan Symphony, (Type) Committee Member Hours | O39: Clockify Import | P39: 46064 | R39: Responding to request to join submissions | S39: {=IF(C39="","",IFERROR(_xlfn.XLOOKUP(C39,Volunteers!D:D,Volunteers!A:A),""))} -> 012 | T39: 0.00017361111
A40: 46063 | B40: General - West Jordan Symphony | C40: Kirstin Hoyt | D40: West Jordan Symphony | E40: Volunteer Hours | F40: Total Hours | G40: 0.75 | H40: 0.80208333 | I40: 0.052083333 | J40: 1.25 | K40: Utah Volunteer Rate | L40: 35.47 | M40: 44.3375 | N40: (Org) West Jordan Symphony, (Type) Volunteer Hours | O40: Clockify Import | P40: 46063 | R40: Sky Island Quartet Tickets | S40: {=IF(C40="","",IFERROR(_xlfn.XLOOKUP(C40,Volunteers!D:D,Volunteers!A:A),""))} -> 010 | T40: 0.0021701389
A41: 46061 | B41: General / No Specific Project | C41: Rachel O'Crowley | D41: CASWJ | E41: CASWJ Board Hours | F41: Total Hours | G41: 0.79166667 | H41: 0.375 | I41: 0.58333333 | J41: 14 | K41: Utah Volunteer Rate | L41: 35.47 | M41: 496.58 | N41: (Type) CASWJ Board Hours | O41: Clockify Import | P41: 46061 | R41: Quartet performance | S41: {=IF(C41="","",IFERROR(_xlfn.XLOOKUP(C41,Volunteers!D:D,Volunteers!A:A),""))} -> 014 | T41: 0.024305556
A42: 46060 | B42: General - West Jordan Symphony | C42: Diana Larsen | D42: West Jordan Symphony | E42: Participant Hours | F42: Total Hours | G42: 0.375 | H42: 0.85416667 | I42: 4.4791667 | J42: 107.5 | K42: Utah Volunteer Rate | L42: 35.47 | M42: 3813.025 | N42: (Type) Participant Hours, (Org) West Jordan Symphony | O42: Clockify Import | P42: 46060 | R42: Rehearsal | S42: {=IF(C42="","",IFERROR(_xlfn.XLOOKUP(C42,Volunteers!D:D,Volunteers!A:A),""))} -> 007 | T42: 0.18663194
... A57: 46107 | B57: General - Sugar Factory Playhouse | C57: Jen Crabb | D57: Sugar Factory Playhouse | E57: Committee Member Hours | F57: Total Hours | G57: 0.72916667 | H57: 0.76388889 | I57: 0.034722208 | J57: 0.833333 | K57: Utah Volunteer Rate | L57: 35.47 | M57: 29.558322 | N57: (Type) Committee Member Hours | O57: Clockify Import | P57: 46107 | R57: Midsummer program | S57: {=IF(C57="","",IFERROR(_xlfn.XLOOKUP(C57,Volunteers!D:D,Volunteers!A:A),""))} -> 009 | T57: 0.0014467587
A58: 46106 | B58: General - Sugar Factory Playhouse | C58: Jen Crabb | D58: Sugar Factory Playhouse | E58: Committee Member Hours | F58: Total Hours | G58: 0.77083333 | H58: 0.91666667 | I58: 0.14583333 | J58: 3.5 | K58: Utah Volunteer Rate | L58: 35.47 | M58: 124.145 | N58: (Type) Committee Member Hours | O58: Clockify Import | P58: 46106 | R58: Midsummer box office | S58: {=IF(C58="","",IFERROR(_xlfn.XLOOKUP(C58,Volunteers!D:D,Volunteers!A:A),""))} -> 009 | T58: 0.0060763889 | Z58: =EXACT(C2,#REF!) -> #REF!
A59: 46106 | B59: General - Visual Arts Society | C59: Maya Collinwood | D59: Visual Arts Society | E59: Committee Member Hours | F59: Total Hours | G59: 0.5625 | H59: 0.64583333 | I59: 0.083333333 | J59: 2 | K59: Utah Volunteer Rate | L59: 35.47 | M59: 70.94 | N59: (Org) Visual Arts Society, (Type) Committee Member Hours | O59: Clockify Import | P59: 46106 | R59: Coffee truck arrangements, f/u sanitation, email Plein Air partners, fill out Costco request | S59: {=IF(C59="","",IFERROR(_xlfn.XLOOKUP(C59,Volunteers!D:D,Volunteers!A:A),""))} -> 013 | T59: 0.0034722222
A60: 46104 | B60: General - Sugar Factory Playhouse | C60: Jen Crabb | D60: Sugar Factory Playhouse | E60: Committee Member Hours | F60: Total Hours | G60: 0.77083333 | H60: 0.91666667 | I60: 0.14583333 | J60: 3.5 | K60: Utah Volunteer Rate | L60: 35.47 | M60: 124.145 | N60: (Type) Committee Member Hours | O60: Clockify Import | P60: 46104 | R60: Midsummer box office | S60: {=IF(C60="","",IFERROR(_xlfn.XLOOKUP(C60,Volunteers!D:D,Volunteers!A:A),""))} -> 009 | T60: 0.0060763889
A61: 46104 | B61: General / No Specific Project | C61: Chelsea McGee | D61: CASWJ | E61: CASWJ Board Hours | F61: Total Hours | G61: 0.48958333 | H61: 0.51041667 | I61: 0.020833333 | J61: 0.5 | K61: Utah Volunteer Rate | L61: 35.47 | M61: 17.735 | N61: (Type) CASWJ Board Hours, (Org) CASWJ Board | O61: Clockify Import | P61: 46104 | R61: Treasurer tasks | S61: {=IF(C61="","",IFERROR(_xlfn.XLOOKUP(C61,Volunteers!D:D,Volunteers!A:A),""))} -> 005 | T61: 0.00086805556
A62: 46102 | B62: General - West Jordan Symphony | C62: Diana Larsen | D62: West Jordan Symphony | E62: Participant Hours | F62: Total Hours | G62: 0.375 | H62: 0 | I62: 5.625 | J62: 135 | K62: Utah Volunteer Rate | L62: 35.47 | M62: 4788.45 | N62: (Type) Participant Hours, (Org) West Jordan Symphony | O62: Clockify Import | P62: 46102 | R62: Rehearsal | S62: {=IF(C62="","",IFERROR(_xlfn.XLOOKUP(C62,Volunteers!D:D,Volunteers!A:A),""))} -> 007 | T62: 0.234375
A63: 46101 | B63: Art in the Park 2026 | C63: Briana Thaxton | D63: Visual Arts Society | E63: Committee Member Hours | F63: Total Hours | G63: 0.79583333 | H63: 0.85416667 | I63: 0.058333333 | J63: 1.4 | K63: Utah Volunteer Rate | L63: 35.47 | M63: 49.658 | N63: (Event) Art in the Park 2026, (Org) Visual Arts Society, (Type) Committee Member Hours | O63: Clockify Import | P63: 46101 | R63: Marketing Meeting | S63: {=IF(C63="","",IFERROR(_xlfn.XLOOKUP(C63,Volunteers!D:D,Volunteers!A:A),""))} -> 003 | T63: 0.0024305556
A64: 46101 | B64: General - Sugar Factory Playhouse | C64: Jen Crabb | D64: Sugar Factory Playhouse | E64: Committee Member Hours | F64: Total Hours | G64: 0.77083333 | H64: 0.91666667 | I64: 0.14583333 | J64: 3.5 | K64: Utah Volunteer Rate | L64: 35.47 | M64: 124.145 | N64: (Type) Committee Member Hours | O64: Clockify Import | P64: 46101 | R64: Midsummer box office | S64: {=IF(C64="","",IFERROR(_xlfn.XLOOKUP(C64,Volunteers!D:D,Volunteers!A:A),""))} -> 009 | T64: 0.0060763889
A65: 46101 | B65: General - Sugar Factory Playhouse | C65: Jen Crabb | D65: Sugar Factory Playhouse | E65: Committee Member Hours | F65: Total Hours | G65: 0.72916667 | H65: 0.76388889 | I65: 0.034722208 | J65: 0.833333 | K65: Utah Volunteer Rate | L65: 35.47 | M65: 29.558322 | N65: (Type) Committee Member Hours | O65: Clockify Import | P65: 46101 | R65: Midsummer program | S65: {=IF(C65="","",IFERROR(_xlfn.XLOOKUP(C65,Volunteers!D:D,Volunteers!A:A),""))} -> 009 | T65: 0.0014467587
A66: 46101 | B66: General - Visual Arts Society | C66: Maya Collinwood | D66: Visual Arts Society | E66: Committee Member Hours | F66: Total Hours | G66: 0.70833333 | H66: 0.85416667 | I66: 0.14583333 | J66: 3.5 | K66: Utah Volunteer Rate | L66: 35.47 | M66: 124.145 | N66: (Type) Committee Member Hours | O66: Clockify Import | P66: 46101 | R66: Marketing meeting | S66: {=IF(C66="","",IFERROR(_xlfn.XLOOKUP(C66,Volunteers!D:D,Volunteers!A:A),""))} -> 013 | T66: 0.0060763889
A67: 46101 | B67: General - Visual Arts Society | C67: Anna Nelson | D67: Visual Arts Society | E67: Committee Member Hours | F67: Total Hours | G67: 0.37222222 | H67: 0.38402778 | I67: 0.011805542 | J67: 0.283333 | K67: Utah Volunteer Rate | L67: 35.47 | M67: 10.049822 | N67: (Type) Committee Member Hours | O67: Clockify Import | P67: 46101 | R67: T shirt inquiries | S67: {=IF(C67="","",IFERROR(_xlfn.XLOOKUP(C67,Volunteers!D:D,Volunteers!A:A),""))} -> 002 | T67: 0.00049189757
A68: 46100 | B68: General - Sugar Factory Playhouse | C68: Jen Crabb | D68: Sugar Factory Playhouse | E68: Committee Member Hours | F68: Total Hours | G68: 0.77083333 | H68: 0.91666667 | I68: 0.14583333 | J68: 3.5 | K68: Utah Volunteer Rate | L68: 35.47 | M68: 124.145 | N68: (Type) Committee Member Hours | O68: Clockify Import | P68: 46100 | R68: Midsummer box office | S68: {=IF(C68="","",IFERROR(_xlfn.XLOOKUP(C68,Volunteers!D:D,Volunteers!A:A),""))} -> 009 | T68: 0.0060763889
A69: 46098 | B69: General - Visual Arts Society | C69: Maya Collinwood | D69: Visual Arts Society | E69: Committee Member Hours | F69: Total Hours | G69: 0.5625 | H69: 0.64583333 | I69: 0.083333333 | J69: 2 | K69: Utah Volunteer Rate | L69: 35.47 | M69: 70.94 | N69: (Type) Committee Member Hours | O69: Clockify Import | P69: 46098 | R69: Plein air | S69: {=IF(C69="","",IFERROR(_xlfn.XLOOKUP(C69,Volunteers!D:D,Volunteers!A:A),""))} -> 013 | T69: 0.0034722222
A70: 46097 | B70: General / No Specific Project | C70: Chelsea McGee | D70: CASWJ | E70: CASWJ Board Hours | F70: Total Hours | G70: 0.92986111 | H70: 0.95 | I70: 0.020138875 | J70: 0.483333 | K70: Utah Volunteer Rate | L70: 35.47 | M70: 17.143822 | N70: (Type) CASWJ Board Hours, (Org) CASWJ Board | O70: Clockify Import | P70: 46097 | R70: Treasurer tasks | S70: {=IF(C70="","",IFERROR(_xlfn.XLOOKUP(C70,Volunteers!D:D,Volunteers!A:A),""))} -> 005 | T70: 0.00083911979
... A123: 46113 | B123: General - West Jordan Youth Theatre | C123: Alex Moffitt | D123: West Jordan Youth Theatre | E123: Participant Hours | F123: Total Hours | G123: 0.86736111 | H123: 0.49236111 | I123: 41.625 | J123: 999 | K123: Utah Volunteer Rate | L123: 35.47 | M123: 35434.53 | N123: (Org) West Jordan Youth Theatre | O123: Clockify Import | P123: 46113 | R123: WJYT April Volunteer Hours | S123: {=IF(C123="","",IFERROR(_xlfn.XLOOKUP(C123,Volunteers!D:D,Volunteers!A:A),""))} -> 001 | T123: 1.734375
A124: 46113 | B124: General - West Jordan Youth Theatre | C124: Becca Henrie | D124: West Jordan Youth Theatre | E124: Committee Member Hours | F124: Total Hours | G124: 0.79166667 | H124: 0.83333333 | I124: 0.041666667 | J124: 1 | N124: (Type) Committee Member Hours | O124: Clockify Import | P124: 46113 | R124: CASWJ board meeting | S124: {=IF(C124="","",IFERROR(_xlfn.XLOOKUP(C124,Volunteers!D:D,Volunteers!A:A),""))} | T124: 0.0017361111
A125: 46113 | B125: General - West Jordan Youth Theatre | C125: Alex Moffitt | D125: West Jordan Youth Theatre | E125: Participant Hours | F125: Total Hours | G125: 0.61736111 | H125: 0.24236111 | I125: 41.625 | J125: 999 | K125: Utah Volunteer Rate | L125: 35.47 | M125: 35434.53 | N125: (Org) West Jordan Youth Theatre | O125: Clockify Import | P125: 46113 | R125: WJYT April Volunteer Hours | S125: {=IF(C125="","",IFERROR(_xlfn.XLOOKUP(C125,Volunteers!D:D,Volunteers!A:A),""))} -> 001 | T125: 1.734375
A126: 46113 | B126: General - West Jordan Youth Theatre | C126: Alex Moffitt | D126: West Jordan Youth Theatre | E126: Participant Hours | F126: Total Hours | G126: 0.49236111 | H126: 0.32569444 | I126: 35.833333 | J126: 860 | K126: Utah Volunteer Rate | L126: 35.47 | M126: 30504.2 | N126: (Org) West Jordan Youth Theatre | O126: Clockify Import | P126: 46113 | R126: WJYT April Volunteer Hours | S126: {=IF(C126="","",IFERROR(_xlfn.XLOOKUP(C126,Volunteers!D:D,Volunteers!A:A),""))} -> 001 | T126: 1.4930556
A127: 46113 | B127: General - West Jordan Youth Theatre | C127: Alex Moffitt | D127: West Jordan Youth Theatre | E127: Participant Hours | F127: Total Hours | G127: 0.24236111 | H127: 0.86736111 | I127: 41.625 | J127: 999 | K127: Utah Volunteer Rate | L127: 35.47 | M127: 35434.53 | N127: (Org) West Jordan Youth Theatre | O127: Clockify Import | P127: 46113 | R127: WJYT April Volunteer Hours | S127: {=IF(C127="","",IFERROR(_xlfn.XLOOKUP(C127,Volunteers!D:D,Volunteers!A:A),""))} -> 001 | T127: 1.734375
A128: 46113 | B128: General - West Jordan Symphony | C128: Diana Larsen | D128: West Jordan Symphony | E128: Committee Member Hours | F128: Total Hours | G128: 0.11805556 | H128: 0.53472222 | I128: 0.41666667 | J128: 10 | K128: Utah Volunteer Rate | L128: 35.47 | M128: 354.7 | N128: (Org) West Jordan Symphony, (Type) Committee Member Hours | O128: Clockify Import | P128: 46113 | R128: Diana Larsen board hours March | S128: {=IF(C128="","",IFERROR(_xlfn.XLOOKUP(C128,Volunteers!D:D,Volunteers!A:A),""))} -> 007 | T128: 0.017361111
A129: 46173 | B129: General - West Jordan Youth Theatre | C129: Alex Moffitt | D129: West Jordan Youth Theatre | E129: Participant Hours | F129: Total Hours | G129: 0.61041667 | H129: 0.23541667 | I129: 41.625 | J129: 999 | K129: Utah Volunteer Rate | L129: 35.47 | M129: 35434.53 | N129: (Org) West Jordan Youth Theatre | O129: Clockify Import | P129: 46173 | R129: WYJT May Volunteer Hours | S129: {=IF(C129="","",IFERROR(_xlfn.XLOOKUP(C129,Volunteers!D:D,Volunteers!A:A),""))} -> 001 | T129: 1.734375
A130: 46173 | B130: General - West Jordan Youth Theatre | C130: Alex Moffitt | D130: West Jordan Youth Theatre | E130: Participant Hours | F130: Total Hours | G130: 0.23541667 | H130: 0.52708333 | I130: 12.291667 | J130: 295 | K130: Utah Volunteer Rate | L130: 35.47 | M130: 10463.65 | N130: (Org) West Jordan Youth Theatre | O130: Clockify Import | P130: 46173 | R130: WJYT May Volunteer Hours | S130: {=IF(C130="","",IFERROR(_xlfn.XLOOKUP(C130,Volunteers!D:D,Volunteers!A:A),""))} -> 001 | T130: 0.51215278
A131: 46172 | B131: General - West Jordan Symphony | C131: Diana Larsen | D131: West Jordan Symphony | E131: Participant Hours | F131: Total Hours | G131: 0.66666667 | H131: 0.54166667 | I131: 6.875 | J131: 165 | K131: Utah Volunteer Rate | L131: 35.47 | M131: 5852.55 | N131: (Type) Participant Hours, (Org) West Jordan Symphony | O131: Clockify Import | P131: 46172 | R131: Concert | S131: {=IF(C131="","",IFERROR(_xlfn.XLOOKUP(C131,Volunteers!D:D,Volunteers!A:A),""))} -> 007 | T131: 0.28645833
A132: 46172 | B132: General - West Jordan Symphony | C132: Diana Larsen | D132: West Jordan Symphony | E132: Participant Hours | F132: Total Hours | G132: 0.375 | H132: 0.47916667 | I132: 5.1041667 | J132: 122.5 | K132: Utah Volunteer Rate | L132: 35.47 | M132: 4345.075 | N132: (Type) Participant Hours, (Org) West Jordan Symphony | O132: Clockify Import | P132: 46172 | R132: Rehearsal | S132: {=IF(C132="","",IFERROR(_xlfn.XLOOKUP(C132,Volunteers!D:D,Volunteers!A:A),""))} -> 007 | T132: 0.21267361
A133: 46168 | B133: General / No Specific Project | C133: Chelsea McGee | D133: CASWJ | E133: CASWJ Board Hours | F133: Total Hours | G133: 0.46180556 | H133: 0.48263889 | I133: 0.020833333 | J133: 0.5 | K133: Utah Volunteer Rate | L133: 35.47 | M133: 17.735 | N133: (Type) CASWJ Board Hours, (Org) CASWJ Board | O133: Clockify Import | P133: 46168 | R133: Treasurer tasks | S133: {=IF(C133="","",IFERROR(_xlfn.XLOOKUP(C133,Volunteers!D:D,Volunteers!A:A),""))} -> 005 | T133: 0.00086805556
A134: 46165 | B134: General - West Jordan Symphony | C134: Diana Larsen | D134: West Jordan Symphony | E134: Participant Hours | F134: Total Hours | G134: 0.375 | H134: 0.95138889 | I134: 6.5763889 | J134: 157.83333 | K134: Utah Volunteer Rate | L134: 35.47 | M134: 5598.3483 | N134: (Type) Participant Hours, (Org) West Jordan Symphony | O134: Clockify Import | P134: 46165 | R134: Rehearsal | S134: {=IF(C134="","",IFERROR(_xlfn.XLOOKUP(C134,Volunteers!D:D,Volunteers!A:A),""))} -> 007 | T134: 0.2740162
A135: 46162 | B135: General / No Specific Project | C135: Chelsea McGee | D135: CASWJ | E135: CASWJ Board Hours | F135: Total Hours | G135: 0.94722222 | H135: 0.0097222222 | I135: 0.0625 | J135: 1.5 | K135: Utah Volunteer Rate | L135: 35.47 | M135: 53.205 | N135: (Type) CASWJ Board Hours, (Org) CASWJ Board | O135: Clockify Import | P135: 46162 | R135: Treasurer tasks | S135: {=IF(C135="","",IFERROR(_xlfn.XLOOKUP(C135,Volunteers!D:D,Volunteers!A:A),""))} -> 005 | T135: 0.0026041667
A136: 46160 | B136: General / No Specific Project | C136: Chelsea McGee | D136: CASWJ | E136: CASWJ Board Hours | F136: Total Hours | G136: 0.94097222 | H136: 0.95486111 | I136: 0.013888875 | J136: 0.333333 | K136: Utah Volunteer Rate | L136: 35.47 | M136: 11.823322 | N136: (Type) CASWJ Board Hours, (Org) CASWJ Board | O136: Clockify Import | P136: 46160 | R136: Treasurer tasks | S136: {=IF(C136="","",IFERROR(_xlfn.XLOOKUP(C136,Volunteers!D:D,Volunteers!A:A),""))} -> 005 | T136: 0.00057870313
... A238: 46296 | B238: General - Visual Arts Society | C238: Anna Nelson | D238: Visual Arts Society | E238: Committee Member Hours | F238: Total Hours | G238: 0.87777778 | H238: 0.88680556 | I238: 0.0090277917 | J238: 0.216667 | K238: Utah Volunteer Rate | L238: 35.47 | M238: 7.6851785 | N238: (Type) Committee Member Hours | O238: Clockify Import | P238: 46296 | R238: volunteer hour tracking | S238: {=IF(C238="","",IFERROR(_xlfn.XLOOKUP(C238,Volunteers!D:D,Volunteers!A:A),""))} -> 002 | T238: 0.00037615799
A239: 46239 | B239: General - Visual Arts Society | C239: Maya Collinwood | D239: {=IF(B239="","",IFERROR(_xlfn.XLOOKUP(B239,'Lists & Settings'!A:A,'Lists & Settings'!E:E),""))} | E239: Committee Member Hours | F239: Total Hours | I239: 0.125 | J239: 3 | K239: Utah Volunteer Rate | L239: 35.47 | M239: 106.41 | P239: 46303.623 | S239: {=IF(C239="","",IFERROR(_xlfn.XLOOKUP(C239,Volunteers!D:D,Volunteers!A:A),""))} -> 013
A240: 46244 | B240: General - Visual Arts Society | C240: Maya Collinwood | D240: {=IF(B240="","",IFERROR(_xlfn.XLOOKUP(B240,'Lists & Settings'!A:A,'Lists & Settings'!E:E),""))} | E240: Committee Member Hours | F240: Total Hours | I240: 0.083333333 | J240: 2 | K240: Utah Volunteer Rate | L240: 35.47 | M240: 70.94 | P240: 46303.623 | S240: {=IF(C240="","",IFERROR(_xlfn.XLOOKUP(C240,Volunteers!D:D,Volunteers!A:A),""))} -> 013
A241: 46246 | B241: General - Visual Arts Society | C241: Maya Collinwood | D241: {=IF(B241="","",IFERROR(_xlfn.XLOOKUP(B241,'Lists & Settings'!A:A,'Lists & Settings'!E:E),""))} | E241: Committee Member Hours | F241: Total Hours | I241: 0.125 | J241: 3 | K241: Utah Volunteer Rate | L241: 35.47 | M241: 106.41 | P241: 46303.623 | S241: {=IF(C241="","",IFERROR(_xlfn.XLOOKUP(C241,Volunteers!D:D,Volunteers!A:A),""))} -> 013
A242: 46251 | B242: General - Visual Arts Society | C242: Maya Collinwood | D242: {=IF(B242="","",IFERROR(_xlfn.XLOOKUP(B242,'Lists & Settings'!A:A,'Lists & Settings'!E:E),""))} | E242: Committee Member Hours | F242: Total Hours | I242: 0.083333333 | J242: 2 | K242: Utah Volunteer Rate | L242: 35.47 | M242: 70.94 | P242: 46303.633 | S242: {=IF(C242="","",IFERROR(_xlfn.XLOOKUP(C242,Volunteers!D:D,Volunteers!A:A),""))} -> 013
A243: 46254 | B243: General - Visual Arts Society | C243: Maya Collinwood | D243: {=IF(B243="","",IFERROR(_xlfn.XLOOKUP(B243,'Lists & Settings'!A:A,'Lists & Settings'!E:E),""))} | E243: Committee Member Hours | F243: Total Hours | I243: 0.16666667 | J243: 4 | K243: Utah Volunteer Rate | L243: 35.47 | M243: 141.88 | P243: 46303.633 | S243: {=IF(C243="","",IFERROR(_xlfn.XLOOKUP(C243,Volunteers!D:D,Volunteers!A:A),""))} -> 013
A244: 46258 | B244: General - Visual Arts Society | C244: Maya Collinwood | D244: {=IF(B244="","",IFERROR(_xlfn.XLOOKUP(B244,'Lists & Settings'!A:A,'Lists & Settings'!E:E),""))} | E244: Committee Member Hours | F244: Total Hours | I244: 0.083333333 | J244: 2 | K244: Utah Volunteer Rate | L244: 35.47 | M244: 70.94 | P244: 46303.633 | S244: {=IF(C244="","",IFERROR(_xlfn.XLOOKUP(C244,Volunteers!D:D,Volunteers!A:A),""))} -> 013
A245: 46275 | B245: General - Visual Arts Society | C245: Maya Collinwood | D245: {=IF(B245="","",IFERROR(_xlfn.XLOOKUP(B245,'Lists & Settings'!A:A,'Lists & Settings'!E:E),""))} | E245: Committee Member Hours | F245: Total Hours | I245: 0.083333333 | J245: 2 | K245: Utah Volunteer Rate | L245: 35.47 | M245: 70.94 | P245: 46303.633 | S245: {=IF(C245="","",IFERROR(_xlfn.XLOOKUP(C245,Volunteers!D:D,Volunteers!A:A),""))} -> 013
A246: 46266 | B246: General - Visual Arts Society | C246: Maya Collinwood | D246: {=IF(B246="","",IFERROR(_xlfn.XLOOKUP(B246,'Lists & Settings'!A:A,'Lists & Settings'!E:E),""))} | E246: Committee Member Hours | F246: Total Hours | I246: 0.58333333 | J246: 14 | K246: Utah Volunteer Rate | L246: 35.47 | M246: 496.58 | P246: 46303.633 | S246: {=IF(C246="","",IFERROR(_xlfn.XLOOKUP(C246,Volunteers!D:D,Volunteers!A:A),""))} -> 013
A247: 46290 | B247: General - Visual Arts Society | C247: Maya Collinwood | D247: {=IF(B247="","",IFERROR(_xlfn.XLOOKUP(B247,'Lists & Settings'!A:A,'Lists & Settings'!E:E),""))} | E247: Committee Member Hours | F247: Total Hours | I247: 0.20833333 | J247: 5 | K247: Utah Volunteer Rate | L247: 35.47 | M247: 177.35 | P247: 46303.633 | S247: {=IF(C247="","",IFERROR(_xlfn.XLOOKUP(C247,Volunteers!D:D,Volunteers!A:A),""))} -> 013
A248: 46293 | B248: General - Visual Arts Society | C248: Maya Collinwood | D248: {=IF(B248="","",IFERROR(_xlfn.XLOOKUP(B248,'Lists & Settings'!A:A,'Lists & Settings'!E:E),""))} | E248: Committee Member Hours | F248: Total Hours | I248: 0.41666667 | J248: 10 | K248: Utah Volunteer Rate | L248: 35.47 | M248: 354.7 | P248: 46303.634 | S248: {=IF(C248="","",IFERROR(_xlfn.XLOOKUP(C248,Volunteers!D:D,Volunteers!A:A),""))} -> 013
A249: 46291 | B249: General - Visual Arts Society | C249: Maya Collinwood | D249: {=IF(B249="","",IFERROR(_xlfn.XLOOKUP(B249,'Lists & Settings'!A:A,'Lists & Settings'!E:E),""))} | E249: Committee Member Hours | F249: Total Hours | I249: 0.083333333 | J249: 2 | K249: Utah Volunteer Rate | L249: 35.47 | M249: 70.94 | P249: 46303.634 | S249: {=IF(C249="","",IFERROR(_xlfn.XLOOKUP(C249,Volunteers!D:D,Volunteers!A:A),""))} -> 013
A250: 46291 | B250: Plein Air 2026 | C250: Michael Goodman | D250: Visual Arts Society | E250: Committee Member Hours | F250: Total Hours | I250: 0.16666667 | J250: 4 | K250: Utah Volunteer Rate | L250: 35.47 | M250: 141.88 | P250: 46303.638
D251: {=IF(B251="","",IFERROR(_xlfn.XLOOKUP(B251,'Lists & Settings'!A:A,'Lists & Settings'!E:E),""))} | S251: {=IF(C251="","",IFERROR(_xlfn.XLOOKUP(C251,Volunteers!D:D,Volunteers!A:A),""))}
D252: {=IF(B252="","",IFERROR(_xlfn.XLOOKUP(B252,'Lists & Settings'!A:A,'Lists & Settings'!E:E),""))} | S252: {=IF(C252="","",IFERROR(_xlfn.XLOOKUP(C252,Volunteers!D:D,Volunteers!A:A),""))}
D253: {=IF(B253="","",IFERROR(_xlfn.XLOOKUP(B253,'Lists & Settings'!A:A,'Lists & Settings'!E:E),""))} | S253: {=IF(C253="","",IFERROR(_xlfn.XLOOKUP(C253,Volunteers!D:D,Volunteers!A:A),""))}
D254: {=IF(B254="","",IFERROR(_xlfn.XLOOKUP(B254,'Lists & Settings'!A:A,'Lists & Settings'!E:E),""))} | S254: {=IF(C254="","",IFERROR(_xlfn.XLOOKUP(C254,Volunteers!D:D,Volunteers!A:A),""))}
D255: {=IF(B255="","",IFERROR(_xlfn.XLOOKUP(B255,'Lists & Settings'!A:A,'Lists & Settings'!E:E),""))} | S255: {=IF(C255="","",IFERROR(_xlfn.XLOOKUP(C255,Volunteers!D:D,Volunteers!A:A),""))}
D256: {=IF(B256="","",IFERROR(_xlfn.XLOOKUP(B256,'Lists & Settings'!A:A,'Lists & Settings'!E:E),""))} | S256: {=IF(C256="","",IFERROR(_xlfn.XLOOKUP(C256,Volunteers!D:D,Volunteers!A:A),""))}
D257: {=IF(B257="","",IFERROR(_xlfn.XLOOKUP(B257,'Lists & Settings'!A:A,'Lists & Settings'!E:E),""))} | S257: {=IF(C257="","",IFERROR(_xlfn.XLOOKUP(C257,Volunteers!D:D,Volunteers!A:A),""))}
D258: {=IF(B258="","",IFERROR(_xlfn.XLOOKUP(B258,'Lists & Settings'!A:A,'Lists & Settings'!E:E),""))} | S258: {=IF(C258="","",IFERROR(_xlfn.XLOOKUP(C258,Volunteers!D:D,Volunteers!A:A),""))}
D259: {=IF(B259="","",IFERROR(_xlfn.XLOOKUP(B259,'Lists & Settings'!A:A,'Lists & Settings'!E:E),""))} | S259: {=IF(C259="","",IFERROR(_xlfn.XLOOKUP(C259,Volunteers!D:D,Volunteers!A:A),""))}
D260: {=IF(B260="","",IFERROR(_xlfn.XLOOKUP(B260,'Lists & Settings'!A:A,'Lists & Settings'!E:E),""))} | S260: {=IF(C260="","",IFERROR(_xlfn.XLOOKUP(C260,Volunteers!D:D,Volunteers!A:A),""))}
D261: {=IF(B261="","",IFERROR(_xlfn.XLOOKUP(B261,'Lists & Settings'!A:A,'Lists & Settings'!E:E),""))} | S261: {=IF(C261="","",IFERROR(_xlfn.XLOOKUP(C261,Volunteers!D:D,Volunteers!A:A),""))}
D262: {=IF(B262="","",IFERROR(_xlfn.XLOOKUP(B262,'Lists & Settings'!A:A,'Lists & Settings'!E:E),""))} | S262: {=IF(C262="","",IFERROR(_xlfn.XLOOKUP(C262,Volunteers!D:D,Volunteers!A:A),""))}
... D990: {=IF(B990="","",IFERROR(_xlfn.XLOOKUP(B990,'Lists & Settings'!A:A,'Lists & Settings'!E:E),""))} | S990: {=IF(C990="","",IFERROR(_xlfn.XLOOKUP(C990,Volunteers!D:D,Volunteers!A:A),""))}

Sheet Volunteers
A1: Volunteer ID | B1: First Name | C1: Last Name | D1: Display Name | E1: Email | F1: Zip Code | G1: Primary Group | H1: Active? | I1: Rate Type | J1: Professional Billing Rate | K1: Effective Hourly Rate | L1: Notes
A2: =IF(B2="","",TEXT(ROW()-1,"000")) -> 001 | B2: Alex | C2: Moffitt | D2: =IF(OR(B2="",C2=""),"",B2&" "&C2) -> Alex Moffitt | G2: West Jordan Youth Theatre | H2: Yes | I2: Utah Volunteer Rate | K2: =IF(I2="Professional Billing Rate",J2,'Lists & Settings'!$E$2) -> 35.47
A3: =IF(B3="","",TEXT(ROW()-1,"000")) -> 002 | B3: Anna | C3: Nelson | D3: =IF(OR(B3="",C3=""),"",B3&" "&C3) -> Anna Nelson | G3: Visual Arts Society | H3: Yes | I3: Utah Volunteer Rate | K3: =IF(I3="Professional Billing Rate",J3,'Lists & Settings'!$E$2) -> 35.47
A4: =IF(B4="","",TEXT(ROW()-1,"000")) -> 003 | B4: Briana | C4: Thaxton | D4: =IF(OR(B4="",C4=""),"",B4&" "&C4) -> Briana Thaxton | G4: Visual Arts Society | H4: No | I4: Utah Volunteer Rate | K4: =IF(I4="Professional Billing Rate",J4,'Lists & Settings'!$E$2) -> 35.47
A5: =IF(B5="","",TEXT(ROW()-1,"000")) -> 004 | B5: Brook | C5: Mann | D5: =IF(OR(B5="",C5=""),"",B5&" "&C5) -> Brook Mann | G5: West Jordan Youth Theatre | H5: Yes | I5: Utah Volunteer Rate | K5: =IF(I5="Professional Billing Rate",J5,'Lists & Settings'!$E$2) -> 35.47
A6: =IF(B6="","",TEXT(ROW()-1,"000")) -> 005 | B6: Chelsea | C6: McGee | D6: =IF(OR(B6="",C6=""),"",B6&" "&C6) -> Chelsea McGee | G6: CASWJ | H6: Yes | I6: Utah Volunteer Rate | K6: =IF(I6="Professional Billing Rate",J6,'Lists & Settings'!$E$2) -> 35.47
A7: =IF(B7="","",TEXT(ROW()-1,"000")) -> 006 | B7: Clockify | C7: Import | D7: =IF(OR(B7="",C7=""),"",B7&" "&C7) -> Clockify Import | G7: CASWJ | H7: No | I7: Utah Volunteer Rate | K7: =IF(I7="Professional Billing Rate",J7,'Lists & Settings'!$E$2) -> 35.47
A8: =IF(B8="","",TEXT(ROW()-1,"000")) -> 007 | B8: Diana | C8: Larsen | D8: =IF(OR(B8="",C8=""),"",B8&" "&C8) -> Diana Larsen | G8: West Jordan Symphony | H8: Yes | I8: Utah Volunteer Rate | K8: =IF(I8="Professional Billing Rate",J8,'Lists & Settings'!$E$2) -> 35.47
A9: =IF(B9="","",TEXT(ROW()-1,"000")) -> 008 | B9: Janessa | C9: Kimball | D9: =IF(OR(B9="",C9=""),"",B9&" "&C9) -> Janessa Kimball | G9: CASWJ | H9: Yes | I9: Utah Volunteer Rate | K9: =IF(I9="Professional Billing Rate",J9,'Lists & Settings'!$E$2) -> 35.47
A10: =IF(B10="","",TEXT(ROW()-1,"000")) -> 009 | B10: Jen | C10: Crabb | D10: =IF(OR(B10="",C10=""),"",B10&" "&C10) -> Jen Crabb | G10: Sugar Factory Playhouse | H10: Yes | I10: Utah Volunteer Rate | K10: =IF(I10="Professional Billing Rate",J10,'Lists & Settings'!$E$2) -> 35.47
A11: =IF(B11="","",TEXT(ROW()-1,"000")) -> 010 | B11: Kirstin | C11: Hoyt | D11: =IF(OR(B11="",C11=""),"",B11&" "&C11) -> Kirstin Hoyt | G11: West Jordan Symphony | H11: Yes | I11: Utah Volunteer Rate | K11: =IF(I11="Professional Billing Rate",J11,'Lists & Settings'!$E$2) -> 35.47
A12: =IF(B12="","",TEXT(ROW()-1,"000")) -> 011 | B12: Lynette | C12: Owens | D12: =IF(OR(B12="",C12=""),"",B12&" "&C12) -> Lynette Owens | G12: CASWJ | H12: Yes | I12: Utah Volunteer Rate | K12: =IF(I12="Professional Billing Rate",J12,'Lists & Settings'!$E$2) -> 35.47
A13: =IF(B13="","",TEXT(ROW()-1,"000")) -> 012 | B13: Marche | C13: Weffer | D13: =IF(OR(B13="",C13=""),"",B13&" "&C13) -> Marche Weffer | G13: West Jordan Symphony | H13: Yes | I13: Utah Volunteer Rate | K13: =IF(I13="Professional Billing Rate",J13,'Lists & Settings'!$E$2) -> 35.47
... A17: =IF(B17="","",TEXT(ROW()-1,"000")) -> 016 | B17: Trevor | C17: McFarland | D17: =IF(OR(B17="",C17=""),"",B17&" "&C17) -> Trevor McFarland | G17: West Jordan Symphony | H17: Yes | I17: Utah Volunteer Rate | K17: =IF(I17="Professional Billing Rate",J17,'Lists & Settings'!$E$2) -> 35.47
A18: =IF(B18="","",TEXT(ROW()-1,"000")) -> 017 | B18: Michael | C18: Goodman | D18: =IF(OR(B18="",C18=""),"",B18&" "&C18) -> Michael Goodman | H18: Yes | I18: Utah Volunteer Rate | K18: =IF(I18="Professional Billing Rate",J18,'Lists & Settings'!$E$2) -> 35.47
A19: =IF(B19="","",TEXT(ROW()-1,"000")) | D19: =IF(OR(B19="",C19=""),"",B19&" "&C19) | K19: =IF(I19="Professional Billing Rate",J19,'Lists & Settings'!$E$2) -> 35.47
A20: =IF(B20="","",TEXT(ROW()-1,"000")) | D20: =IF(OR(B20="",C20=""),"",B20&" "&C20) | K20: =IF(I20="Professional Billing Rate",J20,'Lists & Settings'!$E$2) -> 35.47
A21: =IF(B21="","",TEXT(ROW()-1,"000")) | D21: =IF(OR(B21="",C21=""),"",B21&" "&C21) | K21: =IF(I21="Professional Billing Rate",J21,'Lists & Settings'!$E$2) -> 35.47
A22: =IF(B22="","",TEXT(ROW()-1,"000")) | D22: =IF(OR(B22="",C22=""),"",B22&" "&C22) | K22: =IF(I22="Professional Billing Rate",J22,'Lists & Settings'!$E$2) -> 35.47
A23: =IF(B23="","",TEXT(ROW()-1,"000")) | D23: =IF(OR(B23="",C23=""),"",B23&" "&C23) | K23: =IF(I23="Professional Billing Rate",J23,'Lists & Settings'!$E$2) -> 35.47
A24: =IF(B24="","",TEXT(ROW()-1,"000")) | D24: =IF(OR(B24="",C24=""),"",B24&" "&C24) | K24: =IF(I24="Professional Billing Rate",J24,'Lists & Settings'!$E$2) -> 35.47
A25: =IF(B25="","",TEXT(ROW()-1,"000")) | D25: =IF(OR(B25="",C25=""),"",B25&" "&C25) | K25: =IF(I25="Professional Billing Rate",J25,'Lists & Settings'!$E$2) -> 35.47
A26: =IF(B26="","",TEXT(ROW()-1,"000")) | D26: =IF(OR(B26="",C26=""),"",B26&" "&C26) | K26: =IF(I26="Professional Billing Rate",J26,'Lists & Settings'!$E$2) -> 35.47
A27: =IF(B27="","",TEXT(ROW()-1,"000")) | D27: =IF(OR(B27="",C27=""),"",B27&" "&C27) | K27: =IF(I27="Professional Billing Rate",J27,'Lists & Settings'!$E$2) -> 35.47
A28: =IF(B28="","",TEXT(ROW()-1,"000")) | D28: =IF(OR(B28="",C28=""),"",B28&" "&C28) | K28: =IF(I28="Professional Billing Rate",J28,'Lists & Settings'!$E$2) -> 35.47
A29: =IF(B29="","",TEXT(ROW()-1,"000")) | D29: =IF(OR(B29="",C29=""),"",B29&" "&C29) | K29: =IF(I29="Professional Billing Rate",J29,'Lists & Settings'!$E$2) -> 35.47
A30: =IF(B30="","",TEXT(ROW()-1,"000")) | D30: =IF(OR(B30="",C30=""),"",B30&" "&C30) | K30: =IF(I30="Professional Billing Rate",J30,'Lists & Settings'!$E$2) -> 35.47
... A999: =IF(B999="","",TEXT(ROW()-1,"000")) | D999: =IF(OR(B999="",C999=""),"",B999&" "&C999) | K999: =IF(I999="Professional Billing Rate",J999,'Lists & Settings'!$E$2) -> 35.47

Sheet Lists & Settings
A1: Setting | G1: Rate Types | J1: Task Categories | M1: Groups / Organizations | P1: Entry Methods | R1: Tags
A2: Current Utah Volunteer Rate | E2: 35.47 | G2: Utah Volunteer Rate | J2: CASWJ Board Hours | M2: CASWJ | P2: Start / End Time | R2: Grant Related
A3: Rate Source Year | E3: 2025 | G3: Professional Billing Rate | J3: Committee Member Hours | M3: Literary Arts Society | P3: Total Hours | R3: Board Service
A4: Report Published | E4: 2026 | J4: Participant Hours | M4: Sugar Factory Playhouse | R4: Event Support
A5: Default Rate Type | E5: Utah Volunteer Rate | J5: Volunteer Hours | M5: Visual Arts Society | R5: Administrative
M6: West Jordan Community Band | R6: Community Outreach
M7: West Jordan Jazz Band | R7: Education
M8: West Jordan Symphony | R8: Performance
M9: West Jordan Winds | R9: Production
M10: West Jordan Youth Theatre | R10: Other
A20: Project / Event | B20: Type | C20: Start Date | D20: End Date | E20: Group | F20: Active? | H20: Active Projects / Events
A21: No Specific Project | B21: Project | E21: CASWJ | F21: Yes | H21: =IFERROR(__xludf.DUMMYFUNCTION("FILTER(A21:A1001,F21:F1001=""Yes"")"),"No Specific Project") -> No Specific Project
A22: Literary Arts Society | B22: Project | E22: Literary Arts Society | F22: Yes | H22: =IFERROR(__xludf.DUMMYFUNCTION("""COMPUTED_VALUE"""),"Literary Arts Society") -> Literary Arts Society
A23: Sugar Factory Playhouse | B23: Project | E23: Sugar Factory Playhouse | F23: Yes | H23: =IFERROR(__xludf.DUMMYFUNCTION("""COMPUTED_VALUE"""),"Sugar Factory Playhouse") -> Sugar Factory Playhouse
A24: Visual Arts Society | B24: Project | E24: Visual Arts Society | F24: Yes | H24: =IFERROR(__xludf.DUMMYFUNCTION("""COMPUTED_VALUE"""),"Visual Arts Society") -> Visual Arts Society
A25: West Jordan Community Band | B25: Project | E25: West Jordan Community Band | F25: Yes | H25: =IFERROR(__xludf.DUMMYFUNCTION("""COMPUTED_VALUE"""),"West Jordan Community Band") -> West Jordan Community Band
A26: West Jordan Jazz Band | B26: Project | E26: West Jordan Jazz Band | F26: Yes | H26: =IFERROR(__xludf.DUMMYFUNCTION("""COMPUTED_VALUE"""),"West Jordan Jazz Band") -> West Jordan Jazz Band
A27: West Jordan Symphony | B27: Project | E27: West Jordan Symphony | F27: Yes | H27: =IFERROR(__xludf.DUMMYFUNCTION("""COMPUTED_VALUE"""),"West Jordan Symphony") -> West Jordan Symphony
A28: West Jordan Winds | B28: Project | E28: West Jordan Winds | F28: Yes | H28: =IFERROR(__xludf.DUMMYFUNCTION("""COMPUTED_VALUE"""),"West Jordan Winds") -> West Jordan Winds
A29: West Jordan Youth Theatre | B29: Project | E29: West Jordan Youth Theatre | F29: Yes | H29: =IFERROR(__xludf.DUMMYFUNCTION("""COMPUTED_VALUE"""),"West Jordan Youth Theatre") -> West Jordan Youth Theatre
A30: American Dreams February 2026 | B30: Event | C30: 46060 | E30: Visual Arts Society | F30: Yes | H30: =IFERROR(__xludf.DUMMYFUNCTION("""COMPUTED_VALUE"""),"American Dreams February 2026") -> American Dreams February 2026
A31: Valentine's Concert February 2026 | B31: Event | C31: 46066 | E31: West Jordan Jazz Band | F31: Yes | H31: =IFERROR(__xludf.DUMMYFUNCTION("""COMPUTED_VALUE"""),"Valentine's Concert February 2026") -> Valentine's Concert February 2026
A32: Mid-Winter Concert February 2026 | B32: Event | C32: 46073 | E32: West Jordan Youth Theatre | F32: Yes | H32: =IFERROR(__xludf.DUMMYFUNCTION("""COMPUTED_VALUE"""),"Mid-Winter Concert February 2026") -> Mid-Winter Concert February 2026
A33: Solo & Ensemble Showcase February 2026 | B33: Event | C33: 46081 | E33: West Jordan Symphony | F33: Yes | H33: =IFERROR(__xludf.DUMMYFUNCTION("""COMPUTED_VALUE"""),"Solo & Ensemble Showcase February 2026") -> Solo & Ensemble Showcase February 2026
A34: A Midsummer Night's Dream March 2026 | B34: Event | C34: 46100 | D34: 46109 | E34: Sugar Factory Playhouse | F34: Yes | H34: =IFERROR(__xludf.DUMMYFUNCTION("""COMPUTED_VALUE"""),"A Midsummer Night's Dream March 2026") -> A Midsummer Night's Dream March 2026
A35: Spring Concert April 2026 | B35: Event | C35: 46113 | E35: West Jordan Community Band | F35: Yes | H35: =IFERROR(__xludf.DUMMYFUNCTION("""COMPUTED_VALUE"""),"Spring Concert April 2026") -> Spring Concert April 2026
A36: Spring Concert - April 2026 | B36: Event | C36: 46113 | E36: West Jordan Winds | F36: Yes | H36: =IFERROR(__xludf.DUMMYFUNCTION("""COMPUTED_VALUE"""),"Spring Concert - April 2026") -> Spring Concert - April 2026
A37: Into the Woods - April 2026 | B37: Event | C37: 46129 | D37: 46137 | E37: West Jordan Youth Theatre | F37: Yes | H37: =IFERROR(__xludf.DUMMYFUNCTION("""COMPUTED_VALUE"""),"Into the Woods - April 2026") -> Into the Woods - April 2026
A38: Art in the Park - May 2026 | B38: Event | C38: 46144 | E38: Visual Arts Society | F38: Yes | H38: =IFERROR(__xludf.DUMMYFUNCTION("""COMPUTED_VALUE"""),"Art in the Park - May 2026") -> Art in the Park - May 2026
A39: Summer Concert - May 2026 | B39: Event | C39: 46143 | E39: West Jordan Jazz Band | F39: Yes | H39: =IFERROR(__xludf.DUMMYFUNCTION("""COMPUTED_VALUE"""),"Summer Concert - May 2026") -> Summer Concert - May 2026
A40: Summer Pops Concert - May 2026 | B40: Event | C40: 46171 | E40: West Jordan Community Band | F40: Yes | H40: =IFERROR(__xludf.DUMMYFUNCTION("""COMPUTED_VALUE"""),"Summer Pops Concert - May 2026") -> Summer Pops Concert - May 2026
A41: Generations - A Masterworks Performance - May 2026 | B41: Event | C41: 46172 | E41: West Jordan Symphony | F41: Yes | H41: =IFERROR(__xludf.DUMMYFUNCTION("""COMPUTED_VALUE"""),"Generations - A Masterworks Performance - May 2026") -> Generations - A Masterworks Performance - May 2026
A42: Footloose June 2026 | B42: Event | C42: 46191 | D42: 46200 | E42: Sugar Factory Playhouse | F42: Yes | H42: =IFERROR(__xludf.DUMMYFUNCTION("""COMPUTED_VALUE"""),"Footloose June 2026") -> Footloose June 2026
A43: Mixtape Vol. 1 Road Trip - July 2026 | B43: Event | C43: 46204 | E43: West Jordan Symphony | F43: Yes | H43: =IFERROR(__xludf.DUMMYFUNCTION("""COMPUTED_VALUE"""),"Mixtape Vol. 1 Road Trip - July 2026") -> Mixtape Vol. 1 Road Trip - July 2026
A44: Frozen July & August 2026 | B44: Event | C44: 46234 | D44: 46242 | E44: West Jordan Youth Theatre | F44: Yes | H44: =IFERROR(__xludf.DUMMYFUNCTION("""COMPUTED_VALUE"""),"Frozen July & August 2026") -> Frozen July & August 2026
A45: Hound of the Baskervilles September 2026 | B45: Event | C45: 46282 | D45: 46291 | E45: Sugar Factory Playhouse | F45: Yes | H45: =IFERROR(__xludf.DUMMYFUNCTION("""COMPUTED_VALUE"""),"Hound of the Baskervilles September 2026") -> Hound of the Baskervilles September 2026
A46: Plein Air 2026 | B46: Event | C46: 46291 | E46: Visual Arts Society | F46: Yes | H46: =IFERROR(__xludf.DUMMYFUNCTION("""COMPUTED_VALUE"""),"Plein Air 2026") -> Plein Air 2026
A47: First/Final Concert October 2026 | B47: Event | C47: 46297 | E47: West Jordan Symphony | F47: Yes | H47: =IFERROR(__xludf.DUMMYFUNCTION("""COMPUTED_VALUE"""),"First/Final Concert October 2026") -> First/Final Concert October 2026
A48: Into the Stars October 2026 | B48: Event | C48: 46305 | E48: West Jordan Symphony | F48: Yes | H48: =IFERROR(__xludf.DUMMYFUNCTION("""COMPUTED_VALUE"""),"Into the Stars October 2026") -> Into the Stars October 2026
A49: Fall Concert 2026 | B49: Event | C49: 46310 | E49: West Jordan Community Band | F49: Yes | H49: =IFERROR(__xludf.DUMMYFUNCTION("""COMPUTED_VALUE"""),"Fall Concert 2026") -> Fall Concert 2026
A50: Matilda November 2026 | B50: Event | C50: 46332 | D50: 46340 | E50: West Jordan Youth Theatre | F50: Yes | H50: =IFERROR(__xludf.DUMMYFUNCTION("""COMPUTED_VALUE"""),"Matilda November 2026") -> Matilda November 2026
A51: Utah Readers Fest 2026 | B51: Event | E51: Literary Arts Society | F51: Yes | H51: =IFERROR(__xludf.DUMMYFUNCTION("""COMPUTED_VALUE"""),"Utah Readers Fest 2026") -> Utah Readers Fest 2026
A52: Anthology 2026 | B52: Event | E52: Literary Arts Society | F52: Yes | H52: =IFERROR(__xludf.DUMMYFUNCTION("""COMPUTED_VALUE"""),"Anthology 2026") -> Anthology 2026
A53: The Man Who Came to Dinner - December 2026 | B53: Event | E53: Sugar Factory Playhouse | F53: Yes | H53: =IFERROR(__xludf.DUMMYFUNCTION("""COMPUTED_VALUE"""),"The Man Who Came to Dinner - December 2026") -> The Man Who Came to Dinner - December 2026
A54: Holiday Concert - December 2026 | B54: Event | E54: West Jordan Jazz Band | F54: Yes | H54: =IFERROR(__xludf.DUMMYFUNCTION("""COMPUTED_VALUE"""),"Holiday Concert - December 2026") -> Holiday Concert - December 2026
A55: Messiah - December 2026 | B55: Event | C55: 46376 | E55: West Jordan Symphony | F55: Yes | H55: =IFERROR(__xludf.DUMMYFUNCTION("""COMPUTED_VALUE"""),"Messiah - December 2026") -> Messiah - December 2026

Sheet Summary
A1: Total Volunteer Hours | B1: =SUM('Volunteer Log'!J2:J1000) -> 14609.417
A2: Total In-Kind Value | B2: =SUM('Volunteer Log'!M2:M1000) -> 517273.79
A3: Unique Volunteers | B3: =IFERROR(__xludf.DUMMYFUNCTION("COUNTA(UNIQUE(FILTER('Volunteer Log'!C2:C1000,'Volunteer Log'!C2:C1000<>"""")))"),17.0) -> 17
A4: Total Entries | B4: =IFERROR(__xludf.DUMMYFUNCTION("COUNTA(FILTER('Volunteer Log'!A2:A1000,'Volunteer Log'!A2:A1000<>""""))"),249.0) -> 249
A7: Organization | B7: Volunteer Hours | C7: In-Kind Value | E7: Task Category | F7: Volunteer Hours | G7: In-Kind Value | I7: Month | J7: Volunteer Hours | K7: In-Kind Value | M7: Volunteer | N7: Total Hours | O7: In-Kind Value | Q7: Project / Event | R7: Volunteer Hours | S7: In-Kind Value
A8: CASWJ | B8: =SUMIF('Volunteer Log'!D:D,A8,'Volunteer Log'!J:J) -> 89.966667 | C8: =SUMIF('Volunteer Log'!D:D,A8,'Volunteer Log'!M:M) -> 3191.1177 | E8: CASWJ Board Hours | F8: =SUMIF('Volunteer Log'!E:E,E8,'Volunteer Log'!J:J) -> 95.150001 | G8: =SUMIF('Volunteer Log'!E:E,E8,'Volunteer Log'!M:M) -> 3374.9705 | I8: 46023 | J8: =SUMIFS('Volunteer Log'!J:J,'Volunteer Log'!A:A,">="&I8,'Volunteer Log'!A:A,"<"&EDATE(I8,1)) -> 1238.4167 | K8: =SUMIFS('Volunteer Log'!M:M,'Volunteer Log'!A:A,">="&I8,'Volunteer Log'!A:A,"<"&EDATE(I8,1)) -> 43926.639 | M8: =IFERROR(__xludf.DUMMYFUNCTION("QUERY('Volunteer Log'!C2:J1000, ""select C, sum(J) where C is not null and E <> 'Participant Hours' group by C order by sum(J) desc label C '', sum(J) ''"", 0)"),"Anna Nelson") -> Anna Nelson | N8: =IFERROR(__xludf.DUMMYFUNCTION("""COMPUTED_VALUE"""),95.51666899999998) -> 95.516669 | O8: {=IF(M8:M1000="","",SUMIF('Volunteer Log'!C:C,M8:M1000,'Volunteer Log'!M:M))} -> 5010.7287 | Q8: =IFERROR(__xludf.DUMMYFUNCTION("QUERY('Volunteer Log'!B2:J1000, ""select B, sum(J) where B is not null group by B order by sum(J) desc label B '', sum(J) ''"", 0)"),"General - West Jordan Youth Theatre") -> General - West Jordan Youth Theatre | R8: =IFERROR(__xludf.DUMMYFUNCTION("""COMPUTED_VALUE"""),11047.333333) -> 11047.333 | S8: {=IF(Q8:Q1000="","",SUMIF('Volunteer Log'!B:B,Q8:Q1000,'Volunteer Log'!M:M))} -> 391813.44
A9: Literary Arts Society | B9: =SUMIF('Volunteer Log'!D:D,A9,'Volunteer Log'!J:J) -> 0 | C9: =SUMIF('Volunteer Log'!D:D,A9,'Volunteer Log'!M:M) -> 0 | E9: Committee Member Hours | F9: =SUMIF('Volunteer Log'!E:E,E9,'Volunteer Log'!J:J) -> 418.28333 | G9: =SUMIF('Volunteer Log'!E:E,E9,'Volunteer Log'!M:M) -> 13914.29 | I9: 46054 | J9: =SUMIFS('Volunteer Log'!J:J,'Volunteer Log'!A:A,">="&I9,'Volunteer Log'!A:A,"<"&EDATE(I9,1)) -> 1764.3333 | K9: =SUMIFS('Volunteer Log'!M:M,'Volunteer Log'!A:A,">="&I9,'Volunteer Log'!A:A,"<"&EDATE(I9,1)) -> 61694.153 | M9: =IFERROR(__xludf.DUMMYFUNCTION("""COMPUTED_VALUE"""),"Diana Larsen") -> Diana Larsen | N9: =IFERROR(__xludf.DUMMYFUNCTION("""COMPUTED_VALUE"""),92.0) -> 92 | O9: 107202.75 | Q9: =IFERROR(__xludf.DUMMYFUNCTION("""COMPUTED_VALUE"""),"General - West Jordan Symphony") -> General - West Jordan Symphony | R9: =IFERROR(__xludf.DUMMYFUNCTION("""COMPUTED_VALUE"""),3149.316666) -> 3149.3167 | S9: 110819.51
A10: Sugar Factory Playhouse | B10: =SUMIF('Volunteer Log'!D:D,A10,'Volunteer Log'!J:J) -> 33.666666 | C10: =SUMIF('Volunteer Log'!D:D,A10,'Volunteer Log'!M:M) -> 1194.1566 | E10: Participant Hours | F10: =SUMIF('Volunteer Log'!E:E,E10,'Volunteer Log'!J:J) -> 14029.783 | G10: =SUMIF('Volunteer Log'!E:E,E10,'Volunteer Log'!M:M) -> 497636.41 | I10: 46082 | J10: =SUMIFS('Volunteer Log'!J:J,'Volunteer Log'!A:A,">="&I10,'Volunteer Log'!A:A,"<"&EDATE(I10,1)) -> 1912.4 | K10: =SUMIFS('Volunteer Log'!M:M,'Volunteer Log'!A:A,">="&I10,'Volunteer Log'!A:A,"<"&EDATE(I10,1)) -> 67832.828 | M10: =IFERROR(__xludf.DUMMYFUNCTION("""COMPUTED_VALUE"""),"Maya Collinwood") -> Maya Collinwood | N10: =IFERROR(__xludf.DUMMYFUNCTION("""COMPUTED_VALUE"""),71.5) -> 71.5 | O10: 2536.105 | Q10: =IFERROR(__xludf.DUMMYFUNCTION("""COMPUTED_VALUE"""),"General - Visual Arts Society") -> General - Visual Arts Society | R10: =IFERROR(__xludf.DUMMYFUNCTION("""COMPUTED_VALUE"""),210.03333500000002) -> 210.03333 | S10: 7449.8824
A11: Visual Arts Society | B11: =SUMIF('Volunteer Log'!D:D,A11,'Volunteer Log'!J:J) -> 234.95 | C11: =SUMIF('Volunteer Log'!D:D,A11,'Volunteer Log'!M:M) -> 8333.6765 | E11: Volunteer Hours | F11: =SUMIF('Volunteer Log'!E:E,E11,'Volunteer Log'!J:J) -> 66.200001 | G11: =SUMIF('Volunteer Log'!E:E,E11,'Volunteer Log'!M:M) -> 2348.114 | I11: 46113 | J11: =SUMIFS('Volunteer Log'!J:J,'Volunteer Log'!A:A,">="&I11,'Volunteer Log'!A:A,"<"&EDATE(I11,1)) -> 4247.4833 | K11: =SUMIFS('Volunteer Log'!M:M,'Volunteer Log'!A:A,">="&I11,'Volunteer Log'!A:A,"<"&EDATE(I11,1)) -> 150622.76 | M11: =IFERROR(__xludf.DUMMYFUNCTION("""COMPUTED_VALUE"""),"Chelsea McGee") -> Chelsea McGee | N11: =IFERROR(__xludf.DUMMYFUNCTION("""COMPUTED_VALUE"""),60.466667) -> 60.466667 | O11: 2144.7527 | Q11: =IFERROR(__xludf.DUMMYFUNCTION("""COMPUTED_VALUE"""),"General / No Specific Project") -> General / No Specific Project | R11: =IFERROR(__xludf.DUMMYFUNCTION("""COMPUTED_VALUE"""),81.96666700000002) -> 81.966667 | S11: 2907.3577
A12: West Jordan Community Band | B12: =SUMIF('Volunteer Log'!D:D,A12,'Volunteer Log'!J:J) -> 0 | C12: =SUMIF('Volunteer Log'!D:D,A12,'Volunteer Log'!M:M) -> 0 | I12: 46143 | J12: =SUMIFS('Volunteer Log'!J:J,'Volunteer Log'!A:A,">="&I12,'Volunteer Log'!A:A,"<"&EDATE(I12,1)) -> 2218.1833 | K12: =SUMIFS('Volunteer Log'!M:M,'Volunteer Log'!A:A,">="&I12,'Volunteer Log'!A:A,"<"&EDATE(I12,1)) -> 78678.963 | M12: =IFERROR(__xludf.DUMMYFUNCTION("""COMPUTED_VALUE"""),"Samuel Abramson") -> Samuel Abramson | N12: =IFERROR(__xludf.DUMMYFUNCTION("""COMPUTED_VALUE"""),50.0) -> 50 | O12: 1773.5 | Q12: =IFERROR(__xludf.DUMMYFUNCTION("""COMPUTED_VALUE"""),"Plein Air 2026") -> Plein Air 2026 | R12: =IFERROR(__xludf.DUMMYFUNCTION("""COMPUTED_VALUE"""),58.433332) -> 58.433332 | S12: 2072.6303
A13: West Jordan Jazz Band | B13: =SUMIF('Volunteer Log'!D:D,A13,'Volunteer Log'!J:J) -> 0 | C13: =SUMIF('Volunteer Log'!D:D,A13,'Volunteer Log'!M:M) -> 0 | I13: 46174 | J13: =SUMIFS('Volunteer Log'!J:J,'Volunteer Log'!A:A,">="&I13,'Volunteer Log'!A:A,"<"&EDATE(I13,1)) -> 2805.3 | K13: =SUMIFS('Volunteer Log'!M:M,'Volunteer Log'!A:A,">="&I13,'Volunteer Log'!A:A,"<"&EDATE(I13,1)) -> 99503.991 | M13: =IFERROR(__xludf.DUMMYFUNCTION("""COMPUTED_VALUE"""),"Trevor McFarland") -> Trevor McFarland | N13: =IFERROR(__xludf.DUMMYFUNCTION("""COMPUTED_VALUE"""),50.0) -> 50 | O13: 1773.5 | Q13: =IFERROR(__xludf.DUMMYFUNCTION("""COMPUTED_VALUE"""),"General - Sugar Factory Playhouse") -> General - Sugar Factory Playhouse | R13: =IFERROR(__xludf.DUMMYFUNCTION("""COMPUTED_VALUE"""),33.666666) -> 33.666666 | S13: 1194.1566
A14: West Jordan Symphony | B14: =SUMIF('Volunteer Log'!D:D,A14,'Volunteer Log'!J:J) -> 3149.3167 | C14: =SUMIF('Volunteer Log'!D:D,A14,'Volunteer Log'!M:M) -> 110819.51 | I14: 46204 | J14: =SUMIFS('Volunteer Log'!J:J,'Volunteer Log'!A:A,">="&I14,'Volunteer Log'!A:A,"<"&EDATE(I14,1)) -> 32.516667 | K14: =SUMIFS('Volunteer Log'!M:M,'Volunteer Log'!A:A,">="&I14,'Volunteer Log'!A:A,"<"&EDATE(I14,1)) -> 1153.3662 | M14: =IFERROR(__xludf.DUMMYFUNCTION("""COMPUTED_VALUE"""),"Rachel O'Crowley") -> Rachel O'Crowley | N14: =IFERROR(__xludf.DUMMYFUNCTION("""COMPUTED_VALUE"""),47.0) -> 47 | O14: 1667.09 | Q14: =IFERROR(__xludf.DUMMYFUNCTION("""COMPUTED_VALUE"""),"Art in the Park May 2026") -> Art in the Park May 2026 | R14: =IFERROR(__xludf.DUMMYFUNCTION("""COMPUTED_VALUE"""),10.25) -> 10.25 | S14: 363.5675
A15: West Jordan Winds | B15: =SUMIF('Volunteer Log'!D:D,A15,'Volunteer Log'!J:J) -> 0 | C15: =SUMIF('Volunteer Log'!D:D,A15,'Volunteer Log'!M:M) -> 0 | I15: 46235 | J15: =SUMIFS('Volunteer Log'!J:J,'Volunteer Log'!A:A,">="&I15,'Volunteer Log'!A:A,"<"&EDATE(I15,1)) -> 288.05 | K15: =SUMIFS('Volunteer Log'!M:M,'Volunteer Log'!A:A,">="&I15,'Volunteer Log'!A:A,"<"&EDATE(I15,1)) -> 10217.134 | M15: =IFERROR(__xludf.DUMMYFUNCTION("""COMPUTED_VALUE"""),"Jen Crabb") -> Jen Crabb | N15: =IFERROR(__xludf.DUMMYFUNCTION("""COMPUTED_VALUE"""),42.666666) -> 42.666666 | O15: 1513.3866 | Q15: =IFERROR(__xludf.DUMMYFUNCTION("""COMPUTED_VALUE"""),"General - Literary Arts Society") -> General - Literary Arts Society | R15: =IFERROR(__xludf.DUMMYFUNCTION("""COMPUTED_VALUE"""),8.166667) -> 8.166667 | S15: 289.67168
A16: West Jordan Youth Theatre | B16: =SUMIF('Volunteer Log'!D:D,A16,'Volunteer Log'!J:J) -> 11047.333 | C16: =SUMIF('Volunteer Log'!D:D,A16,'Volunteer Log'!M:M) -> 391813.44 | I16: 46266 | J16: =SUMIFS('Volunteer Log'!J:J,'Volunteer Log'!A:A,">="&I16,'Volunteer Log'!A:A,"<"&EDATE(I16,1)) -> 102.51667 | K16: =SUMIFS('Volunteer Log'!M:M,'Volunteer Log'!A:A,">="&I16,'Volunteer Log'!A:A,"<"&EDATE(I16,1)) -> 3636.2661 | M16: =IFERROR(__xludf.DUMMYFUNCTION("""COMPUTED_VALUE"""),"Briana Thaxton") -> Briana Thaxton | N16: =IFERROR(__xludf.DUMMYFUNCTION("""COMPUTED_VALUE"""),29.499999000000003) -> 29.499999 | O16: 1046.365 | Q16: =IFERROR(__xludf.DUMMYFUNCTION("""COMPUTED_VALUE"""),"Art in the Park 2026") -> Art in the Park 2026 | R16: =IFERROR(__xludf.DUMMYFUNCTION("""COMPUTED_VALUE"""),5.066666) -> 5.066666 | S16: 179.71464
I17: 46296 | J17: =SUMIFS('Volunteer Log'!J:J,'Volunteer Log'!A:A,">="&I17,'Volunteer Log'!A:A,"<"&EDATE(I17,1)) -> 0.216667 | K17: =SUMIFS('Volunteer Log'!M:M,'Volunteer Log'!A:A,">="&I17,'Volunteer Log'!A:A,"<"&EDATE(I17,1)) -> 7.6851785 | M17: =IFERROR(__xludf.DUMMYFUNCTION("""COMPUTED_VALUE"""),"Lynette Owens") -> Lynette Owens | N17: =IFERROR(__xludf.DUMMYFUNCTION("""COMPUTED_VALUE"""),6.683334) -> 6.683334 | O17: 237.05786
I18: 46327 | J18: =SUMIFS('Volunteer Log'!J:J,'Volunteer Log'!A:A,">="&I18,'Volunteer Log'!A:A,"<"&EDATE(I18,1)) -> 0 | K18: =SUMIFS('Volunteer Log'!M:M,'Volunteer Log'!A:A,">="&I18,'Volunteer Log'!A:A,"<"&EDATE(I18,1)) -> 0 | M18: =IFERROR(__xludf.DUMMYFUNCTION("""COMPUTED_VALUE"""),"Michael Goodman") -> Michael Goodman | N18: =IFERROR(__xludf.DUMMYFUNCTION("""COMPUTED_VALUE"""),4.0) -> 4 | O18: 141.88
I19: 46357 | J19: =SUMIFS('Volunteer Log'!J:J,'Volunteer Log'!A:A,">="&I19,'Volunteer Log'!A:A,"<"&EDATE(I19,1)) -> 0 | K19: =SUMIFS('Volunteer Log'!M:M,'Volunteer Log'!A:A,">="&I19,'Volunteer Log'!A:A,"<"&EDATE(I19,1)) -> 0 | M19: =IFERROR(__xludf.DUMMYFUNCTION("""COMPUTED_VALUE"""),"Brook Mann") -> Brook Mann | N19: =IFERROR(__xludf.DUMMYFUNCTION("""COMPUTED_VALUE"""),1.333333) -> 1.333333 | O19: 47.293322
M20: =IFERROR(__xludf.DUMMYFUNCTION("""COMPUTED_VALUE"""),"Kirstin Hoyt") -> Kirstin Hoyt | N20: =IFERROR(__xludf.DUMMYFUNCTION("""COMPUTED_VALUE"""),1.25) -> 1.25 | O20: 44.3375
M21: =IFERROR(__xludf.DUMMYFUNCTION("""COMPUTED_VALUE"""),"Becca Henrie") -> Becca Henrie | N21: =IFERROR(__xludf.DUMMYFUNCTION("""COMPUTED_VALUE"""),1.0) -> 1 | O21: 0
M22: =IFERROR(__xludf.DUMMYFUNCTION("""COMPUTED_VALUE"""),"Janessa Kimball") -> Janessa Kimball | N22: =IFERROR(__xludf.DUMMYFUNCTION("""COMPUTED_VALUE"""),1.0) -> 1 | O22: 35.47
M23: =IFERROR(__xludf.DUMMYFUNCTION("""COMPUTED_VALUE"""),"Marche Weffer") -> Marche Weffer | N23: =IFERROR(__xludf.DUMMYFUNCTION("""COMPUTED_VALUE"""),0.7166669999999999) -> 0.716667 | O23: 25.420178

Sheet Clockify Import
A1: Project | B1: Client | C1: Description | D1: Task | E1: User | F1: Group | G1: Email | H1: Tags | I1: Billable | J1: Start Date | K1: Start Time | L1: End Date | M1: End Time | N1: Duration (h) | O1: Duration (decimal) | P1: Billable Rate (USD) | Q1: Billable Amount (USD) | R1: Date of creation | S1: Clean Date | T1: Clean Project / Event | U1: Clean Volunteer | V1: Clean Group / Organization | W1: Clean Task Category | X1: Clean Entry Method | Y1: Clean Manual Hours | Z1: Clean Tags | AA1: Clean Entered By | AB1: Clean Date Entered | AC1: Clean Notes | AD1: Clockify User | AE1: Clockify Email | AF1: Volunteer Display Name | AH1: Clockify Group | AI1: Clean Group / Organization | AK1: Clockify Description | AN1: Default Group / Organization | AO1: Clockify Tag | AP1: Date | AQ1: Project / Event | AR1: Volunteer | AS1: Group / Organization | AT1: Task Category | AU1: Entry Method | AV1: Start Time | AW1: End Time | AX1: Manual Hours | AY1: Hours | AZ1: Rate Type | BA1: Hourly Rate | BB1: In-Kind Value | BC1: Tags | BD1: Entered By | BE1: Date Entered | BF1: Notes
A2: 2026 Volunteer Hours | C2: Trevor McFarland - Director/January | E2: diana | F2: West Jordan Symphony | H2: (Org) West Jordan Symphony, (Type) Committee Member Hours | J2: 46053 | K2: 0.875 | L2: 46054 | M2: 0.91666667 | N2: 1.0416667 | O2: 25 | S2: {=IF(J2:J238="","",J2:J238)} -> 46053 | T2: =IFERROR(__xludf.DUMMYFUNCTION("ARRAYFORMULA( IF(E2:E238="""","""", IFNA( TRIM(REGEXEXTRACT(H2:H238,""\(Event\)\s*([^,]+)"")), IF( V2:V238="""", """", IF(V2:V238=""CASWJ"",""General / No Specific Project"",""General - ""&V2:V238) ) )))"),"General - West Jordan Symphony") -> General - West Jordan Symphony | U2: {=IF(E2:E238="","", TRIM(CLEAN(IFNA(VLOOKUP(E2:E238,$AD$2:$AF1000,3,FALSE),""))) )} -> Diana Larsen | V2: {=IF(E2:E238="","", IF( F2:F238<>"", IFNA(VLOOKUP(F2:F238,$AH$2:$AI1000,2,FALSE),""), SWITCH( E2:E238, "Anna Nelson","Visual Arts Society", "becca.henrie","West Jordan Youth Theatre", "Jen.crabb","Sugar Factory Playhouse", "jkimball","CASWJ", "Marche","West Jordan Symphony", "" ) ))} -> West Jordan Symphony | W2: =IFERROR(__xludf.DUMMYFUNCTION("ARRAYFORMULA( IF(H2:H238="""","""", IFNA(TRIM(REGEXEXTRACT(H2:H238,""\(Type\)\s*([^,]+)"")),"""") ))"),"Committee Member Hours") -> Committee Member Hours | X2: {=IF(S2:S238="","","Total Hours")} -> Total Hours | Y2: {=IF(O2:O238="","",O2:O238)} -> 25 | Z2: {=IF(H2:H238="","",H2:H238)} -> (Org) West Jordan Symphony, (Type) Committee Member Hours | AA2: {=IF(S2:S238="","","Clockify Import")} -> Clockify Import | AB2: {=IF(S2:S238="","",S2:S238)} -> 46053 | AC2: {=IF(C2:C238="","",C2:C238)} -> Trevor McFarland - Director/January | AD2: =IFERROR(__xludf.DUMMYFUNCTION("UNIQUE(FILTER({E2:E1000,G2:G1000},E2:E1000<>""""))"),"diana") -> diana | AF2: Diana Larsen | AH2: West Jordan Symphony | AI2: West Jordan Symphony | AK2: =IFERROR(__xludf.DUMMYFUNCTION("SORT(UNIQUE(FILTER(C2:C1000,C2:C1000<>"""")))"),"(Without Description)") -> (Without Description) | AO2: =IFERROR(__xludf.DUMMYFUNCTION("SORT(UNIQUE(TRIM(TOCOL(SPLIT(TEXTJOIN("","",TRUE,FILTER(H2:H1000,H2:H1000<>"""")),"",""),1))))"),"(Event) Art in the Park 2026") -> (Event) Art in the Park 2026 | AP2: {={ S2:S238, T2:T238, U2:U238, V2:V238, W2:W238, X2:X238, K2:K238, M2:M238, Y2:Y238, IF(S2:S238<>"","",""), IF(S2:S238<>"","",""), IF(S2:S238<>"","",""), IF(S2:S238<>"","",""), Z2:Z238, AA2:AA238, AB2:AB238, AC2:AC238 }} -> 46053 | AQ2: General - West Jordan Symphony | AR2: Diana Larsen | AS2: West Jordan Symphony | AT2: Committee Member Hours | AU2: Total Hours | AV2: 0.875 | AW2: 0.91666667 | AX2: 25 | BC2: (Org) West Jordan Symphony, (Type) Committee Member Hours | BD2: Clockify Import | BE2: 46053 | BF2: Trevor McFarland - Director/January
A3: 2026 Volunteer Hours | C3: Sam Abramson- Assistant Director/January | E3: diana | F3: West Jordan Symphony | H3: (Org) West Jordan Symphony, (Type) Committee Member Hours | J3: 46053 | K3: 0.875 | L3: 46054 | M3: 0.91666667 | N3: 1.0416667 | O3: 25 | S3: 46053 | T3: =IFERROR(__xludf.DUMMYFUNCTION("""COMPUTED_VALUE"""),"General - West Jordan Symphony") -> General - West Jordan Symphony | U3: Diana Larsen | V3: West Jordan Symphony | W3: =IFERROR(__xludf.DUMMYFUNCTION("""COMPUTED_VALUE"""),"Committee Member Hours") -> Committee Member Hours | X3: Total Hours | Y3: 25 | Z3: (Org) West Jordan Symphony, (Type) Committee Member Hours | AA3: Clockify Import | AB3: 46053 | AC3: Sam Abramson- Assistant Director/January | AD3: =IFERROR(__xludf.DUMMYFUNCTION("""COMPUTED_VALUE"""),"Alex.moffitt") -> Alex.moffitt | AF3: Alex Moffitt | AH3: West Jordan Youth Theatre | AI3: West Jordan Youth Theatre | AK3: =IFERROR(__xludf.DUMMYFUNCTION("""COMPUTED_VALUE"""),"Art in the park") -> Art in the park | AO3: =IFERROR(__xludf.DUMMYFUNCTION("""COMPUTED_VALUE"""),"(Org) CASWJ Board") -> (Org) CASWJ Board | AP3: 46053 | AQ3: General - West Jordan Symphony | AR3: Diana Larsen | AS3: West Jordan Symphony | AT3: Committee Member Hours | AU3: Total Hours | AV3: 0.875 | AW3: 0.91666667 | AX3: 25 | BC3: (Org) West Jordan Symphony, (Type) Committee Member Hours | BD3: Clockify Import | BE3: 46053 | BF3: Sam Abramson- Assistant Director/January
A4: 2026 Volunteer Hours | C4: WJYT January Volunteer Hours | E4: Alex.moffitt | F4: West Jordan Youth Theatre | H4: (Org) West Jordan Youth Theatre | J4: 46053 | K4: 0.75902778 | L4: 46084 | M4: 0.17569444 | N4: 30.416667 | O4: 730 | S4: 46053 | T4: =IFERROR(__xludf.DUMMYFUNCTION("""COMPUTED_VALUE"""),"General - West Jordan Youth Theatre") -> General - West Jordan Youth Theatre | U4: Alex Moffitt | V4: West Jordan Youth Theatre | W4: =IFERROR(__xludf.DUMMYFUNCTION("""COMPUTED_VALUE"""),"") | X4: Total Hours | Y4: 730 | Z4: (Org) West Jordan Youth Theatre | AA4: Clockify Import | AB4: 46053 | AC4: WJYT January Volunteer Hours | AD4: =IFERROR(__xludf.DUMMYFUNCTION("""COMPUTED_VALUE"""),"brianna.thaxton") -> brianna.thaxton | AF4: Briana Thaxton | AH4: Visual Arts Society | AI4: Visual Arts Society | AK4: =IFERROR(__xludf.DUMMYFUNCTION("""COMPUTED_VALUE"""),"Art in the Park") -> Art in the Park | AO4: =IFERROR(__xludf.DUMMYFUNCTION("""COMPUTED_VALUE"""),"(Org) Sugar Factory Playhouse") -> (Org) Sugar Factory Playhouse | AP4: 46053 | AQ4: General - West Jordan Youth Theatre | AR4: Alex Moffitt | AS4: West Jordan Youth Theatre | AU4: Total Hours | AV4: 0.75902778 | AW4: 0.17569444 | AX4: 730 | BC4: (Org) West Jordan Youth Theatre | BD4: Clockify Import | BE4: 46053 | BF4: WJYT January Volunteer Hours
A5: 2026 Volunteer Hours | C5: Board members/January | E5: diana | F5: West Jordan Symphony | H5: (Org) West Jordan Symphony, (Type) Committee Member Hours | J5: 46053 | K5: 0.375 | L5: 46054 | M5: 0.41666667 | N5: 1.0416667 | O5: 25 | S5: 46053 | T5: =IFERROR(__xludf.DUMMYFUNCTION("""COMPUTED_VALUE"""),"General - West Jordan Symphony") -> General - West Jordan Symphony | U5: Diana Larsen | V5: West Jordan Symphony | W5: =IFERROR(__xludf.DUMMYFUNCTION("""COMPUTED_VALUE"""),"Committee Member Hours") -> Committee Member Hours | X5: Total Hours | Y5: 25 | Z5: (Org) West Jordan Symphony, (Type) Committee Member Hours | AA5: Clockify Import | AB5: 46053 | AC5: Board members/January | AD5: =IFERROR(__xludf.DUMMYFUNCTION("""COMPUTED_VALUE"""),"Anna Nelson") -> Anna Nelson | AF5: Anna Nelson | AH5: CASWJ Board | AI5: CASWJ | AK5: =IFERROR(__xludf.DUMMYFUNCTION("""COMPUTED_VALUE"""),"Art in the Park SFP") -> Art in the Park SFP | AO5: =IFERROR(__xludf.DUMMYFUNCTION("""COMPUTED_VALUE"""),"(Org) Visual Arts Society") -> (Org) Visual Arts Society | AP5: 46053 | AQ5: General - West Jordan Symphony | AR5: Diana Larsen | AS5: West Jordan Symphony | AT5: Committee Member Hours | AU5: Total Hours | AV5: 0.375 | AW5: 0.41666667 | AX5: 25 | BC5: (Org) West Jordan Symphony, (Type) Committee Member Hours | BD5: Clockify Import | BE5: 46053 | BF5: Board members/January
A6: 2026 Volunteer Hours | C6: Rehearsal | E6: diana | F6: West Jordan Symphony | H6: (Type) Participant Hours, (Org) West Jordan Symphony | J6: 46053 | K6: 0.375 | L6: 46057 | M6: 0.85416667 | N6: 4.4791667 | O6: 107.5 | S6: 46053 | T6: =IFERROR(__xludf.DUMMYFUNCTION("""COMPUTED_VALUE"""),"General - West Jordan Symphony") -> General - West Jordan Symphony | U6: Diana Larsen | V6: West Jordan Symphony | W6: =IFERROR(__xludf.DUMMYFUNCTION("""COMPUTED_VALUE"""),"Participant Hours") -> Participant Hours | X6: Total Hours | Y6: 107.5 | Z6: (Type) Participant Hours, (Org) West Jordan Symphony | AA6: Clockify Import | AB6: 46053 | AC6: Rehearsal | AD6: =IFERROR(__xludf.DUMMYFUNCTION("""COMPUTED_VALUE"""),"maya.collinwood") -> maya.collinwood | AF6: Maya Collinwood | AH6: Sugar Factory Playhouse | AI6: Sugar Factory Playhouse | AK6: =IFERROR(__xludf.DUMMYFUNCTION("""COMPUTED_VALUE"""),"Art in the Park Volunteer") -> Art in the Park Volunteer | AO6: =IFERROR(__xludf.DUMMYFUNCTION("""COMPUTED_VALUE"""),"(Org) West Jordan Symphony") -> (Org) West Jordan Symphony | AP6: 46053 | AQ6: General - West Jordan Symphony | AR6: Diana Larsen | AS6: West Jordan Symphony | AT6: Participant Hours | AU6: Total Hours | AV6: 0.375 | AW6: 0.85416667 | AX6: 107.5 | BC6: (Type) Participant Hours, (Org) West Jordan Symphony | BD6: Clockify Import | BE6: 46053 | BF6: Rehearsal
A7: 2026 Volunteer Hours | C7: Google Meet with Dillon | E7: brianna.thaxton | F7: Visual Arts Society | H7: (Event) Art in the Park 2026, (Org) Visual Arts Society, (Type) Committee Member Hours | J7: 46050 | K7: 0.54166667 | L7: 46050 | M7: 0.58680556 | N7: 0.045138889 | O7: 1.083333 | S7: 46050 | T7: =IFERROR(__xludf.DUMMYFUNCTION("""COMPUTED_VALUE"""),"Art in the Park 2026") -> Art in the Park 2026 | U7: Briana Thaxton | V7: Visual Arts Society | W7: =IFERROR(__xludf.DUMMYFUNCTION("""COMPUTED_VALUE"""),"Committee Member Hours") -> Committee Member Hours | X7: Total Hours | Y7: 1.083333 | Z7: (Event) Art in the Park 2026, (Org) Visual Arts Society, (Type) Committee Member Hours | AA7: Clockify Import | AB7: 46050 | AC7: Google Meet with Dillon | AD7: =IFERROR(__xludf.DUMMYFUNCTION("""COMPUTED_VALUE"""),"rocrowley") -> rocrowley | AF7: Rachel O'Crowley | AK7: =IFERROR(__xludf.DUMMYFUNCTION("""COMPUTED_VALUE"""),"Art in the park volunteer form and flyer") -> Art in the park volunteer form and flyer | AO7: =IFERROR(__xludf.DUMMYFUNCTION("""COMPUTED_VALUE"""),"(Org) West Jordan Youth Theatre") -> (Org) West Jordan Youth Theatre | AP7: 46050 | AQ7: Art in the Park 2026 | AR7: Briana Thaxton | AS7: Visual Arts Society | AT7: Committee Member Hours | AU7: Total Hours | AV7: 0.54166667 | AW7: 0.58680556 | AX7: 1.083333 | BC7: (Event) Art in the Park 2026, (Org) Visual Arts Society, (Type) Committee Member Hours | BD7: Clockify Import | BE7: 46050 | BF7: Google Meet with Dillon
A8: 2026 Volunteer Hours | C8: Rehearsal | E8: diana | F8: West Jordan Symphony | H8: (Type) Participant Hours, (Org) West Jordan Symphony | J8: 46046 | K8: 0.375 | L8: 46051 | M8: 0.375 | N8: 5 | O8: 120 | S8: 46046 | T8: =IFERROR(__xludf.DUMMYFUNCTION("""COMPUTED_VALUE"""),"General - West Jordan Symphony") -> General - West Jordan Symphony | U8: Diana Larsen | V8: West Jordan Symphony | W8: =IFERROR(__xludf.DUMMYFUNCTION("""COMPUTED_VALUE"""),"Participant Hours") -> Participant Hours | X8: Total Hours | Y8: 120 | Z8: (Type) Participant Hours, (Org) West Jordan Symphony | AA8: Clockify Import | AB8: 46046 | AC8: Rehearsal | AD8: =IFERROR(__xludf.DUMMYFUNCTION("""COMPUTED_VALUE"""),"lynnette111owens") -> lynnette111owens | AF8: Lynette Owens | AK8: =IFERROR(__xludf.DUMMYFUNCTION("""COMPUTED_VALUE"""),"Artist Apps") -> Artist Apps | AO8: =IFERROR(__xludf.DUMMYFUNCTION("""COMPUTED_VALUE"""),"(Type) CASWJ Board Hours") -> (Type) CASWJ Board Hours | AP8: 46046 | AQ8: General - West Jordan Symphony | AR8: Diana Larsen | AS8: West Jordan Symphony | AT8: Participant Hours | AU8: Total Hours | AV8: 0.375 | AW8: 0.375 | AX8: 120 | BC8: (Type) Participant Hours, (Org) West Jordan Symphony | BD8: Clockify Import | BE8: 46046 | BF8: Rehearsal
A9: 2026 Volunteer Hours | C9: Google Meet with Dillon | E9: brianna.thaxton | F9: Visual Arts Society | H9: (Event) Art in the Park 2026, (Type) Committee Member Hours, (Org) Visual Arts Society | J9: 46043 | K9: 0.54166667 | L9: 46043 | M9: 0.63888889 | N9: 0.097222222 | O9: 2.333333 | S9: 46043 | T9: =IFERROR(__xludf.DUMMYFUNCTION("""COMPUTED_VALUE"""),"Art in the Park 2026") -> Art in the Park 2026 | U9: Briana Thaxton | V9: Visual Arts Society | W9: =IFERROR(__xludf.DUMMYFUNCTION("""COMPUTED_VALUE"""),"Committee Member Hours") -> Committee Member Hours | X9: Total Hours | Y9: 2.333333 | Z9: (Event) Art in the Park 2026, (Type) Committee Member Hours, (Org) Visual Arts Society | AA9: Clockify Import | AB9: 46043 | AC9: Google Meet with Dillon | AD9: =IFERROR(__xludf.DUMMYFUNCTION("""COMPUTED_VALUE"""),"treasurer") -> treasurer | AF9: Chelsea McGee | AK9: =IFERROR(__xludf.DUMMYFUNCTION("""COMPUTED_VALUE"""),"artivities supplies and hallway artist emails.") -> artivities supplies and hallway artist emails. | AO9: =IFERROR(__xludf.DUMMYFUNCTION("""COMPUTED_VALUE"""),"(Type) Committee Member Hours") -> (Type) Committee Member Hours | AP9: 46043 | AQ9: Art in the Park 2026 | AR9: Briana Thaxton | AS9: Visual Arts Society | AT9: Committee Member Hours | AU9: Total Hours | AV9: 0.54166667 | AW9: 0.63888889 | AX9: 2.333333 | BC9: (Event) Art in the Park 2026, (Type) Committee Member Hours, (Org) Visual Arts Society | BD9: Clockify Import | BE9: 46043 | BF9: Google Meet with Dillon
A10: 2026 Volunteer Hours | C10: Rehearsal | E10: diana | F10: West Jordan Symphony | H10: (Type) Participant Hours, (Org) West Jordan Symphony | J10: 46039 | K10: 0.375 | L10: 46043 | M10: 0.54166667 | N10: 4.1666667 | O10: 100 | S10: 46039 | T10: =IFERROR(__xludf.DUMMYFUNCTION("""COMPUTED_VALUE"""),"General - West Jordan Symphony") -> General - West Jordan Symphony | U10: Diana Larsen | V10: West Jordan Symphony | W10: =IFERROR(__xludf.DUMMYFUNCTION("""COMPUTED_VALUE"""),"Participant Hours") -> Participant Hours | X10: Total Hours | Y10: 100 | Z10: (Type) Participant Hours, (Org) West Jordan Symphony | AA10: Clockify Import | AB10: 46039 | AC10: Rehearsal | AD10: =IFERROR(__xludf.DUMMYFUNCTION("""COMPUTED_VALUE"""),"brook.mann") -> brook.mann | AF10: Brook mann | AK10: =IFERROR(__xludf.DUMMYFUNCTION("""COMPUTED_VALUE"""),"artivities supply list and craft ideas") -> artivities supply list and craft ideas | AO10: =IFERROR(__xludf.DUMMYFUNCTION("""COMPUTED_VALUE"""),"(Type) Participant Hours") -> (Type) Participant Hours | AP10: 46039 | AQ10: General - West Jordan Symphony | AR10: Diana Larsen | AS10: West Jordan Symphony | AT10: Participant Hours | AU10: Total Hours | AV10: 0.375 | AW10: 0.54166667 | AX10: 100 | BC10: (Type) Participant Hours, (Org) West Jordan Symphony | BD10: Clockify Import | BE10: 46039 | BF10: Rehearsal
A11: 2026 Volunteer Hours | C11: Rehearsal | E11: diana | F11: West Jordan Symphony | H11: (Type) Participant Hours, (Org) West Jordan Symphony | J11: 46032 | K11: 0.375 | L11: 46036 | M11: 0.64583333 | N11: 4.2708333 | O11: 102.5 | S11: 46032 | T11: =IFERROR(__xludf.DUMMYFUNCTION("""COMPUTED_VALUE"""),"General - West Jordan Symphony") -> General - West Jordan Symphony | U11: Diana Larsen | V11: West Jordan Symphony | W11: =IFERROR(__xludf.DUMMYFUNCTION("""COMPUTED_VALUE"""),"Participant Hours") -> Participant Hours | X11: Total Hours | Y11: 102.5 | Z11: (Type) Participant Hours, (Org) West Jordan Symphony | AA11: Clockify Import | AB11: 46032 | AC11: Rehearsal | AD11: =IFERROR(__xludf.DUMMYFUNCTION("""COMPUTED_VALUE"""),"Marche") -> Marche | AF11: Marche Weffer | AK11: =IFERROR(__xludf.DUMMYFUNCTION("""COMPUTED_VALUE"""),"Bandanas and volunteer form") -> Bandanas and volunteer form | AO11: =IFERROR(__xludf.DUMMYFUNCTION("""COMPUTED_VALUE"""),"(Type) Volunteer Hours") -> (Type) Volunteer Hours | AP11: 46032 | AQ11: General - West Jordan Symphony | AR11: Diana Larsen | AS11: West Jordan Symphony | AT11: Participant Hours | AU11: Total Hours | AV11: 0.375 | AW11: 0.64583333 | AX11: 102.5 | BC11: (Type) Participant Hours, (Org) West Jordan Symphony | BD11: Clockify Import | BE11: 46032 | BF11: Rehearsal
A12: 2026 Volunteer Hours | C12: Board members/January | E12: diana | F12: West Jordan Symphony | H12: (Org) West Jordan Symphony, (Type) Committee Member Hours | J12: 46081 | K12: 0.91666667 | L12: 46082 | M12: 0.95833333 | N12: 1.0416667 | O12: 25 | S12: 46081 | T12: =IFERROR(__xludf.DUMMYFUNCTION("""COMPUTED_VALUE"""),"General - West Jordan Symphony") -> General - West Jordan Symphony | U12: Diana Larsen | V12: West Jordan Symphony | W12: =IFERROR(__xludf.DUMMYFUNCTION("""COMPUTED_VALUE"""),"Committee Member Hours") -> Committee Member Hours | X12: Total Hours | Y12: 25 | Z12: (Org) West Jordan Symphony, (Type) Committee Member Hours | AA12: Clockify Import | AB12: 46081 | AC12: Board members/January | AD12: =IFERROR(__xludf.DUMMYFUNCTION("""COMPUTED_VALUE"""),"Kirstin") -> Kirstin | AF12: Kirstin Hoyt | AK12: =IFERROR(__xludf.DUMMYFUNCTION("""COMPUTED_VALUE"""),"Board Hours") -> Board Hours | AP12: 46081 | AQ12: General - West Jordan Symphony | AR12: Diana Larsen | AS12: West Jordan Symphony | AT12: Committee Member Hours | AU12: Total Hours | AV12: 0.91666667 | AW12: 0.95833333 | AX12: 25 | BC12: (Org) West Jordan Symphony, (Type) Committee Member Hours | BD12: Clockify Import | BE12: 46081 | BF12: Board members/January
A13: 2026 Volunteer Hours | C13: Sam Abramson- Assistant Director/February | E13: diana | F13: West Jordan Symphony | H13: (Org) West Jordan Symphony, (Type) Committee Member Hours | J13: 46081 | K13: 0.875 | L13: 46082 | M13: 0.91666667 | N13: 1.0416667 | O13: 25 | S13: 46081 | T13: =IFERROR(__xludf.DUMMYFUNCTION("""COMPUTED_VALUE"""),"General - West Jordan Symphony") -> General - West Jordan Symphony | U13: Diana Larsen | V13: West Jordan Symphony | W13: =IFERROR(__xludf.DUMMYFUNCTION("""COMPUTED_VALUE"""),"Committee Member Hours") -> Committee Member Hours | X13: Total Hours | Y13: 25 | Z13: (Org) West Jordan Symphony, (Type) Committee Member Hours | AA13: Clockify Import | AB13: 46081 | AC13: Sam Abramson- Assistant Director/February | AD13: =IFERROR(__xludf.DUMMYFUNCTION("""COMPUTED_VALUE"""),"jkimball") -> jkimball | AF13: Janessa Kimball | AK13: =IFERROR(__xludf.DUMMYFUNCTION("""COMPUTED_VALUE"""),"Board members/January") -> Board members/January | AP13: 46081 | AQ13: General - West Jordan Symphony | AR13: Diana Larsen | AS13: West Jordan Symphony | AT13: Committee Member Hours | AU13: Total Hours | AV13: 0.875 | AW13: 0.91666667 | AX13: 25 | BC13: (Org) West Jordan Symphony, (Type) Committee Member Hours | BD13: Clockify Import | BE13: 46081 | BF13: Sam Abramson- Assistant Director/February
A14: 2026 Volunteer Hours | C14: Trevor McFarland - Director/February | E14: diana | F14: West Jordan Symphony | H14: (Org) West Jordan Symphony, (Type) Committee Member Hours | J14: 46081 | K14: 0.875 | L14: 46082 | M14: 0.91666667 | N14: 1.0416667 | O14: 25 | S14: 46081 | T14: =IFERROR(__xludf.DUMMYFUNCTION("""COMPUTED_VALUE"""),"General - West Jordan Symphony") -> General - West Jordan Symphony | U14: Diana Larsen | V14: West Jordan Symphony | W14: =IFERROR(__xludf.DUMMYFUNCTION("""COMPUTED_VALUE"""),"Committee Member Hours") -> Committee Member Hours | X14: Total Hours | Y14: 25 | Z14: (Org) West Jordan Symphony, (Type) Committee Member Hours | AA14: Clockify Import | AB14: 46081 | AC14: Trevor McFarland - Director/February | AD14: =IFERROR(__xludf.DUMMYFUNCTION("""COMPUTED_VALUE"""),"Jen.crabb") -> Jen.crabb | AF14: Jen Crabb | AK14: =IFERROR(__xludf.DUMMYFUNCTION("""COMPUTED_VALUE"""),"CASWJ Board Hours") -> CASWJ Board Hours | AP14: 46081 | AQ14: General - West Jordan Symphony | AR14: Diana Larsen | AS14: West Jordan Symphony | AT14: Committee Member Hours | AU14: Total Hours | AV14: 0.875 | AW14: 0.91666667 | AX14: 25 | BC14: (Org) West Jordan Symphony, (Type) Committee Member Hours | BD14: Clockify Import | BE14: 46081 | BF14: Trevor McFarland - Director/February
A15: 2026 Volunteer Hours | C15: WJYT February Volunteer hours | E15: Alex.moffitt | F15: West Jordan Youth Theatre | H15: (Org) West Jordan Youth Theatre, (Type) Participant Hours | J15: 46081 | K15: 0.84236111 | L15: 46084 | M15: 0.0090277778 | N15: 2.1666667 | O15: 52 | S15: 46081 | T15: =IFERROR(__xludf.DUMMYFUNCTION("""COMPUTED_VALUE"""),"General - West Jordan Youth Theatre") -> General - West Jordan Youth Theatre | U15: Alex Moffitt | V15: West Jordan Youth Theatre | W15: =IFERROR(__xludf.DUMMYFUNCTION("""COMPUTED_VALUE"""),"Participant Hours") -> Participant Hours | X15: Total Hours | Y15: 52 | Z15: (Org) West Jordan Youth Theatre, (Type) Participant Hours | AA15: Clockify Import | AB15: 46081 | AC15: WJYT February Volunteer hours | AD15: =IFERROR(__xludf.DUMMYFUNCTION("""COMPUTED_VALUE"""),"becca.henrie") -> becca.henrie | AF15: Becca Henrie | AK15: =IFERROR(__xludf.DUMMYFUNCTION("""COMPUTED_VALUE"""),"CASWJ board meeting") -> CASWJ board meeting | AP15: 46081 | AQ15: General - West Jordan Youth Theatre | AR15: Alex Moffitt | AS15: West Jordan Youth Theatre | AT15: Participant Hours | AU15: Total Hours | AV15: 0.84236111 | AW15: 0.0090277778 | AX15: 52 | BC15: (Org) West Jordan Youth Theatre, (Type) Participant Hours | BD15: Clockify Import | BE15: 46081 | BF15: WJYT February Volunteer hours
A16: 2026 Volunteer Hours | C16: Concert | E16: diana | F16: West Jordan Symphony | H16: (Type) Participant Hours, (Org) West Jordan Symphony | J16: 46081 | K16: 0.75 | L16: 46086 | M16: 0.4375 | N16: 4.6875 | O16: 112.5 | S16: 46081 | T16: =IFERROR(__xludf.DUMMYFUNCTION("""COMPUTED_VALUE"""),"General - West Jordan Symphony") -> General - West Jordan Symphony | U16: Diana Larsen | V16: West Jordan Symphony | W16: =IFERROR(__xludf.DUMMYFUNCTION("""COMPUTED_VALUE"""),"Participant Hours") -> Participant Hours | X16: Total Hours | Y16: 112.5 | Z16: (Type) Participant Hours, (Org) West Jordan Symphony | AA16: Clockify Import | AB16: 46081 | AC16: Concert | AK16: =IFERROR(__xludf.DUMMYFUNCTION("""COMPUTED_VALUE"""),"CASWJ Board mtg") -> CASWJ Board mtg | AP16: 46081 | AQ16: General - West Jordan Symphony | AR16: Diana Larsen | AS16: West Jordan Symphony | AT16: Participant Hours | AU16: Total Hours | AV16: 0.75 | AW16: 0.4375 | AX16: 112.5 | BC16: (Type) Participant Hours, (Org) West Jordan Symphony | BD16: Clockify Import | BE16: 46081 | BF16: Concert
A17: 2026 Volunteer Hours | C17: WJAC Meeting | E17: Anna Nelson | F17: Visual Arts Society | H17: (Type) Committee Member Hours | J17: 46081 | K17: 0.58680556 | L17: 46081 | M17: 0.65625 | N17: 0.069444444 | O17: 1.666667 | S17: 46081 | T17: =IFERROR(__xludf.DUMMYFUNCTION("""COMPUTED_VALUE"""),"General - Visual Arts Society") -> General - Visual Arts Society | U17: Anna Nelson | V17: Visual Arts Society | W17: =IFERROR(__xludf.DUMMYFUNCTION("""COMPUTED_VALUE"""),"Committee Member Hours") -> Committee Member Hours | X17: Total Hours | Y17: 1.666667 | Z17: (Type) Committee Member Hours | AA17: Clockify Import | AB17: 46081 | AC17: WJAC Meeting | AK17: =IFERROR(__xludf.DUMMYFUNCTION("""COMPUTED_VALUE"""),"CASWJ entities review") -> CASWJ entities review | AM17: =IFERROR(__xludf.DUMMYFUNCTION("SORT(UNIQUE(FILTER(E2:E1000,V2:V1000="""")))"),"lynnette111owens") -> lynnette111owens | AN17: Visual Arts Society | AP17: 46081 | AQ17: General - Visual Arts Society | AR17: Anna Nelson | AS17: Visual Arts Society | AT17: Committee Member Hours | AU17: Total Hours | AV17: 0.58680556 | AW17: 0.65625 | AX17: 1.666667 | BC17: (Type) Committee Member Hours | BD17: Clockify Import | BE17: 46081 | BF17: WJAC Meeting
A18: 2026 Volunteer Hours | C18: Committee meeting | E18: maya.collinwood | F18: Visual Arts Society | H18: (Type) Committee Member Hours | J18: 46081 | K18: 0.58333333 | L18: 46081 | M18: 0.66666667 | N18: 0.083333333 | O18: 2 | S18: 46081 | T18: =IFERROR(__xludf.DUMMYFUNCTION("""COMPUTED_VALUE"""),"General - Visual Arts Society") -> General - Visual Arts Society | U18: Maya Collinwood | V18: Visual Arts Society | W18: =IFERROR(__xludf.DUMMYFUNCTION("""COMPUTED_VALUE"""),"Committee Member Hours") -> Committee Member Hours | X18: Total Hours | Y18: 2 | Z18: (Type) Committee Member Hours | AA18: Clockify Import | AB18: 46081 | AC18: Committee meeting | AK18: =IFERROR(__xludf.DUMMYFUNCTION("""COMPUTED_VALUE"""),"Coffee truck arrangements, f/u sanitation, email Plein Air partners, fill out Costco request") -> Coffee truck arrangements, f/u sanitation, email Plein Air partners, fill out Costco request | AM18: =IFERROR(__xludf.DUMMYFUNCTION("""COMPUTED_VALUE"""),"rocrowley") -> rocrowley | AN18: West Jordan Youth Theatre | AP18: 46081 | AQ18: General - Visual Arts Society | AR18: Maya Collinwood | AS18: Visual Arts Society | AT18: Committee Member Hours | AU18: Total Hours | AV18: 0.58333333 | AW18: 0.66666667 | AX18: 2 | BC18: (Type) Committee Member Hours | BD18: Clockify Import | BE18: 46081 | BF18: Committee meeting
A19: 2026 Volunteer Hours | C19: Meeting with Michael | E19: brianna.thaxton | F19: Visual Arts Society | H19: (Event) Art in the Park 2026, (Org) Visual Arts Society, (Type) Committee Member Hours | J19: 46081 | K19: 0.58333333 | L19: 46081 | M19: 0.65625 | N19: 0.072916667 | O19: 1.75 | S19: 46081 | T19: =IFERROR(__xludf.DUMMYFUNCTION("""COMPUTED_VALUE"""),"Art in the Park 2026") -> Art in the Park 2026 | U19: Briana Thaxton | V19: Visual Arts Society | W19: =IFERROR(__xludf.DUMMYFUNCTION("""COMPUTED_VALUE"""),"Committee Member Hours") -> Committee Member Hours | X19: Total Hours | Y19: 1.75 | Z19: (Event) Art in the Park 2026, (Org) Visual Arts Society, (Type) Committee Member Hours | AA19: Clockify Import | AB19: 46081 | AC19: Meeting with Michael | AK19: =IFERROR(__xludf.DUMMYFUNCTION("""COMPUTED_VALUE"""),"Committee lunch") -> Committee lunch | AP19: 46081 | AQ19: Art in the Park 2026 | AR19: Briana Thaxton | AS19: Visual Arts Society | AT19: Committee Member Hours | AU19: Total Hours | AV19: 0.58333333 | AW19: 0.65625 | AX19: 1.75 | BC19: (Event) Art in the Park 2026, (Org) Visual Arts Society, (Type) Committee Member Hours | BD19: Clockify Import | BE19: 46081 | BF19: Meeting with Michael
A20: 2026 Volunteer Hours | C20: CASWJ Board Hours | E20: rocrowley | F20: CASWJ | H20: (Type) CASWJ Board Hours | J20: 46081 | K20: 0.375 | L20: 46081 | M20: 0.70833333 | N20: 0.33333333 | O20: 8 | S20: 46081 | T20: =IFERROR(__xludf.DUMMYFUNCTION("""COMPUTED_VALUE"""),"") | U20: Rachel O'Crowley | W20: =IFERROR(__xludf.DUMMYFUNCTION("""COMPUTED_VALUE"""),"CASWJ Board Hours") -> CASWJ Board Hours | X20: Total Hours | Y20: 8 | Z20: (Type) CASWJ Board Hours | AA20: Clockify Import | AB20: 46081 | AC20: CASWJ Board Hours | AK20: =IFERROR(__xludf.DUMMYFUNCTION("""COMPUTED_VALUE"""),"Committee meeting") -> Committee meeting | AN20: Sugar Factory Playhouse | AP20: 46081 | AR20: Rachel O'Crowley | AT20: CASWJ Board Hours | AU20: Total Hours | AV20: 0.375 | AW20: 0.70833333 | AX20: 8 | BC20: (Type) CASWJ Board Hours | BD20: Clockify Import | BE20: 46081 | BF20: CASWJ Board Hours
A21: 2026 Volunteer Hours | C21: Visual Arts | E21: rocrowley | F21: Visual Arts Society | H21: (Type) Committee Member Hours | J21: 46081 | K21: 0.375 | L21: 46081 | M21: 0.79166667 | N21: 0.41666667 | O21: 10 | S21: 46081 | T21: =IFERROR(__xludf.DUMMYFUNCTION("""COMPUTED_VALUE"""),"General - Visual Arts Society") -> General - Visual Arts Society | U21: Rachel O'Crowley | V21: Visual Arts Society | W21: =IFERROR(__xludf.DUMMYFUNCTION("""COMPUTED_VALUE"""),"Committee Member Hours") -> Committee Member Hours | X21: Total Hours | Y21: 10 | Z21: (Type) Committee Member Hours | AA21: Clockify Import | AB21: 46081 | AC21: Visual Arts | AK21: =IFERROR(__xludf.DUMMYFUNCTION("""COMPUTED_VALUE"""),"Concert") -> Concert | AN21: CASWJ | AP21: 46081 | AQ21: General - Visual Arts Society | AR21: Rachel O'Crowley | AS21: Visual Arts Society | AT21: Committee Member Hours | AU21: Total Hours | AV21: 0.375 | AW21: 0.79166667 | AX21: 10 | BC21: (Type) Committee Member Hours | BD21: Clockify Import | BE21: 46081 | BF21: Visual Arts
A22: 2026 Volunteer Hours | C22: Rehearsal | E22: diana | F22: West Jordan Symphony | H22: (Type) Participant Hours, (Org) West Jordan Symphony | J22: 46081 | K22: 0.375 | L22: 46086 | M22: 0.16666667 | N22: 4.7916667 | O22: 115 | S22: 46081 | T22: =IFERROR(__xludf.DUMMYFUNCTION("""COMPUTED_VALUE"""),"General - West Jordan Symphony") -> General - West Jordan Symphony | U22: Diana Larsen | V22: West Jordan Symphony | W22: =IFERROR(__xludf.DUMMYFUNCTION("""COMPUTED_VALUE"""),"Participant Hours") -> Participant Hours | X22: Total Hours | Y22: 115 | Z22: (Type) Participant Hours, (Org) West Jordan Symphony | AA22: Clockify Import | AB22: 46081 | AC22: Rehearsal | AK22: =IFERROR(__xludf.DUMMYFUNCTION("""COMPUTED_VALUE"""),"Conservation Garden meeting") -> Conservation Garden meeting | AP22: 46081 | AQ22: General - West Jordan Symphony | AR22: Diana Larsen | AS22: West Jordan Symphony | AT22: Participant Hours | AU22: Total Hours | AV22: 0.375 | AW22: 0.16666667 | AX22: 115 | BC22: (Type) Participant Hours, (Org) West Jordan Symphony | BD22: Clockify Import | BE22: 46081 | BF22: Rehearsal
A23: 2026 Volunteer Hours | C23: CASWJ entities review | E23: lynnette111owens | F23: caswj | H23: (Type) CASWJ Board Hours | J23: 46081 | K23: 0.36458333 | L23: 46081 | M23: 0.42083333 | N23: 0.05625 | O23: 1.35 | S23: 46081 | T23: =IFERROR(__xludf.DUMMYFUNCTION("""COMPUTED_VALUE"""),"") | U23: Lynette Owens | W23: =IFERROR(__xludf.DUMMYFUNCTION("""COMPUTED_VALUE"""),"CASWJ Board Hours") -> CASWJ Board Hours | X23: Total Hours | Y23: 1.35 | Z23: (Type) CASWJ Board Hours | AA23: Clockify Import | AB23: 46081 | AC23: CASWJ entities review | AK23: =IFERROR(__xludf.DUMMYFUNCTION("""COMPUTED_VALUE"""),"Contacting schools for volunteers") -> Contacting schools for volunteers | AN23: West Jordan Symphony | AP23: 46081 | AR23: Lynette Owens | AT23: CASWJ Board Hours | AU23: Total Hours | AV23: 0.36458333 | AW23: 0.42083333 | AX23: 1.35 | BC23: (Type) CASWJ Board Hours | BD23: Clockify Import | BE23: 46081 | BF23: CASWJ entities review
A24: 2026 Volunteer Hours | C24: Treasurer tasks February | E24: treasurer | F24: CASWJ Board | H24: (Org) CASWJ Board, (Type) CASWJ Board Hours | J24: 46081 | K24: 0.29791667 | L24: 46081 | M24: 0.96458333 | N24: 0.66666667 | O24: 16 | S24: 46081 | T24: =IFERROR(__xludf.DUMMYFUNCTION("""COMPUTED_VALUE"""),"General / No Specific Project") -> General / No Specific Project | U24: Chelsea McGee | V24: CASWJ | W24: =IFERROR(__xludf.DUMMYFUNCTION("""COMPUTED_VALUE"""),"CASWJ Board Hours") -> CASWJ Board Hours | X24: Total Hours | Y24: 16 | Z24: (Org) CASWJ Board, (Type) CASWJ Board Hours | AA24: Clockify Import | AB24: 46081 | AC24: Treasurer tasks February | AK24: =IFERROR(__xludf.DUMMYFUNCTION("""COMPUTED_VALUE"""),"contacting volunteers") -> contacting volunteers | AP24: 46081 | AQ24: General / No Specific Project | AR24: Chelsea McGee | AS24: CASWJ | AT24: CASWJ Board Hours | AU24: Total Hours | AV24: 0.29791667 | AW24: 0.96458333 | AX24: 16 | BC24: (Org) CASWJ Board, (Type) CASWJ Board Hours | BD24: Clockify Import | BE24: 46081 | BF24: Treasurer tasks February
A25: 2026 Volunteer Hours | C25: WJYT February Volunteer hours | E25: Alex.moffitt | F25: West Jordan Youth Theatre | H25: (Org) West Jordan Youth Theatre | J25: 46081 | K25: 0.17569444 | L25: 46122 | M25: 0.84236111 | N25: 41.625 | O25: 999 | S25: 46081 | T25: =IFERROR(__xludf.DUMMYFUNCTION("""COMPUTED_VALUE"""),"General - West Jordan Youth Theatre") -> General - West Jordan Youth Theatre | U25: Alex Moffitt | V25: West Jordan Youth Theatre | W25: =IFERROR(__xludf.DUMMYFUNCTION("""COMPUTED_VALUE"""),"") | X25: Total Hours | Y25: 999 | Z25: (Org) West Jordan Youth Theatre | AA25: Clockify Import | AB25: 46081 | AC25: WJYT February Volunteer hours | AK25: =IFERROR(__xludf.DUMMYFUNCTION("""COMPUTED_VALUE"""),"Conversation garden meeting") -> Conversation garden meeting | AP25: 46081 | AQ25: General - West Jordan Youth Theatre | AR25: Alex Moffitt | AS25: West Jordan Youth Theatre | AU25: Total Hours | AV25: 0.17569444 | AW25: 0.84236111 | AX25: 999 | BC25: (Org) West Jordan Youth Theatre | BD25: Clockify Import | BE25: 46081 | BF25: WJYT February Volunteer hours
A26: 2026 Volunteer Hours | C26: CASWJ entities review | E26: lynnette111owens | F26: CASWJ | H26: (Type) CASWJ Board Hours | J26: 46079 | K26: 0.40625 | L26: 46079 | M26: 0.43402778 | N26: 0.027777778 | O26: 0.666667 | S26: 46079 | T26: =IFERROR(__xludf.DUMMYFUNCTION("""COMPUTED_VALUE"""),"") | U26: Lynette Owens | W26: =IFERROR(__xludf.DUMMYFUNCTION("""COMPUTED_VALUE"""),"CASWJ Board Hours") -> CASWJ Board Hours | X26: Total Hours | Y26: 0.666667 | Z26: (Type) CASWJ Board Hours | AA26: Clockify Import | AB26: 46079 | AC26: CASWJ entities review | AK26: =IFERROR(__xludf.DUMMYFUNCTION("""COMPUTED_VALUE"""),"Diana Larsen board hours June") -> Diana Larsen board hours June | AP26: 46079 | AR26: Lynette Owens | AT26: CASWJ Board Hours | AU26: Total Hours | AV26: 0.40625 | AW26: 0.43402778 | AX26: 0.666667 | BC26: (Type) CASWJ Board Hours | BD26: Clockify Import | BE26: 46079 | BF26: CASWJ entities review
A27: 2026 Volunteer Hours | C27: Artist Apps | E27: brianna.thaxton | F27: Visual Arts Society | H27: (Event) Art in the Park 2026, (Org) Visual Arts Society, (Type) Committee Member Hours | J27: 46078 | K27: 0.49027778 | L27: 46078 | M27: 0.51041667 | N27: 0.020138889 | O27: 0.483333 | S27: 46078 | T27: =IFERROR(__xludf.DUMMYFUNCTION("""COMPUTED_VALUE"""),"Art in the Park 2026") -> Art in the Park 2026 | U27: Briana Thaxton | V27: Visual Arts Society | W27: =IFERROR(__xludf.DUMMYFUNCTION("""COMPUTED_VALUE"""),"Committee Member Hours") -> Committee Member Hours | X27: Total Hours | Y27: 0.483333 | Z27: (Event) Art in the Park 2026, (Org) Visual Arts Society, (Type) Committee Member Hours | AA27: Clockify Import | AB27: 46078 | AC27: Artist Apps | AK27: =IFERROR(__xludf.DUMMYFUNCTION("""COMPUTED_VALUE"""),"Diana Larsen board hours March") -> Diana Larsen board hours March | AP27: 46078 | AQ27: Art in the Park 2026 | AR27: Briana Thaxton | AS27: Visual Arts Society | AT27: Committee Member Hours | AU27: Total Hours | AV27: 0.49027778 | AW27: 0.51041667 | AX27: 0.483333 | BC27: (Event) Art in the Park 2026, (Org) Visual Arts Society, (Type) Committee Member Hours | BD27: Clockify Import | BE27: 46078 | BF27: Artist Apps
A28: 2026 Volunteer Hours | C28: CASWJ entities review | E28: lynnette111owens | F28: CASWJ | H28: (Type) CASWJ Board Hours | J28: 46077 | K28: 0.37847222 | L28: 46077 | M28: 0.40625 | N28: 0.027777778 | O28: 0.666667 | S28: 46077 | T28: =IFERROR(__xludf.DUMMYFUNCTION("""COMPUTED_VALUE"""),"") | U28: Lynette Owens | W28: =IFERROR(__xludf.DUMMYFUNCTION("""COMPUTED_VALUE"""),"CASWJ Board Hours") -> CASWJ Board Hours | X28: Total Hours | Y28: 0.666667 | Z28: (Type) CASWJ Board Hours | AA28: Clockify Import | AB28: 46077 | AC28: CASWJ entities review | AK28: =IFERROR(__xludf.DUMMYFUNCTION("""COMPUTED_VALUE"""),"Diana Larsen board hours May") -> Diana Larsen board hours May | AP28: 46077 | AR28: Lynette Owens | AT28: CASWJ Board Hours | AU28: Total Hours | AV28: 0.37847222 | AW28: 0.40625 | AX28: 0.666667 | BC28: (Type) CASWJ Board Hours | BD28: Clockify Import | BE28: 46077 | BF28: CASWJ entities review
A29: 2026 Volunteer Hours | C29: (Without Description) | E29: lynnette111owens | F29: CASWJ | H29: (Type) CASWJ Board Hours | J29: 46074 | K29: 0.55208333 | L29: 46074 | M29: 0.60416667 | N29: 0.052083333 | O29: 1.25 | S29: 46074 | T29: =IFERROR(__xludf.DUMMYFUNCTION("""COMPUTED_VALUE"""),"") | U29: Lynette Owens | W29: =IFERROR(__xludf.DUMMYFUNCTION("""COMPUTED_VALUE"""),"CASWJ Board Hours") -> CASWJ Board Hours | X29: Total Hours | Y29: 1.25 | Z29: (Type) CASWJ Board Hours | AA29: Clockify Import | AB29: 46074 | AC29: (Without Description) | AK29: =IFERROR(__xludf.DUMMYFUNCTION("""COMPUTED_VALUE"""),"Docusigning Code of Ethics") -> Docusigning Code of Ethics | AP29: 46074 | AR29: Lynette Owens | AT29: CASWJ Board Hours | AU29: Total Hours | AV29: 0.55208333 | AW29: 0.60416667 | AX29: 1.25 | BC29: (Type) CASWJ Board Hours | BD29: Clockify Import | BE29: 46074 | BF29: (Without Description)
A30: 2026 Volunteer Hours | C30: CASWJ Board mtg | E30: lynnette111owens | F30: CASWJ | H30: (Type) CASWJ Board Hours | J30: 46074 | K30: 0.5 | L30: 46074 | M30: 0.55208333 | N30: 0.052083333 | O30: 1.25 | S30: 46074 | T30: =IFERROR(__xludf.DUMMYFUNCTION("""COMPUTED_VALUE"""),"") | U30: Lynette Owens | W30: =IFERROR(__xludf.DUMMYFUNCTION("""COMPUTED_VALUE"""),"CASWJ Board Hours") -> CASWJ Board Hours | X30: Total Hours | Y30: 1.25 | Z30: (Type) CASWJ Board Hours | AA30: Clockify Import | AB30: 46074 | AC30: CASWJ Board mtg | AK30: =IFERROR(__xludf.DUMMYFUNCTION("""COMPUTED_VALUE"""),"email draft for artists") -> email draft for artists | AP30: 46074 | AR30: Lynette Owens | AT30: CASWJ Board Hours | AU30: Total Hours | AV30: 0.5 | AW30: 0.55208333 | AX30: 1.25 | BC30: (Type) CASWJ Board Hours | BD30: Clockify Import | BE30: 46074 | BF30: CASWJ Board mtg
A31: 2026 Volunteer Hours | C31: Rehearsal | E31: diana | F31: West Jordan Symphony | H31: (Type) Participant Hours, (Org) West Jordan Symphony | J31: 46074 | K31: 0.375 | L31: 46079 | M31: 0.0625 | N31: 4.6875 | O31: 112.5 | S31: 46074 | T31: =IFERROR(__xludf.DUMMYFUNCTION("""COMPUTED_VALUE"""),"General - West Jordan Symphony") -> General - West Jordan Symphony | U31: Diana Larsen | V31: West Jordan Symphony | W31: =IFERROR(__xludf.DUMMYFUNCTION("""COMPUTED_VALUE"""),"Participant Hours") -> Participant Hours | X31: Total Hours | Y31: 112.5 | Z31: (Type) Participant Hours, (Org) West Jordan Symphony | AA31: Clockify Import | AB31: 46074 | AC31: Rehearsal | AK31: =IFERROR(__xludf.DUMMYFUNCTION("""COMPUTED_VALUE"""),"Email Responses") -> Email Responses | AP31: 46074 | AQ31: General - West Jordan Symphony | AR31: Diana Larsen | AS31: West Jordan Symphony | AT31: Participant Hours | AU31: Total Hours | AV31: 0.375 | AW31: 0.0625 | AX31: 112.5 | BC31: (Type) Participant Hours, (Org) West Jordan Symphony | BD31: Clockify Import | BE31: 46074 | BF31: Rehearsal
A32: 2026 Volunteer Hours | C32: Artist Apps | E32: brianna.thaxton | F32: Visual Arts Society | H32: (Event) Art in the Park 2026, (Org) Visual Arts Society, (Type) Committee Member Hours | J32: 46071 | K32: 0.39583333 | L32: 46071 | M32: 0.41736111 | N32: 0.021527778 | O32: 0.516667 | S32: 46071 | T32: =IFERROR(__xludf.DUMMYFUNCTION("""COMPUTED_VALUE"""),"Art in the Park 2026") -> Art in the Park 2026 | U32: Briana Thaxton | V32: Visual Arts Society | W32: =IFERROR(__xludf.DUMMYFUNCTION("""COMPUTED_VALUE"""),"Committee Member Hours") -> Committee Member Hours | X32: Total Hours | Y32: 0.516667 | Z32: (Event) Art in the Park 2026, (Org) Visual Arts Society, (Type) Committee Member Hours | AA32: Clockify Import | AB32: 46071 | AC32: Artist Apps | AK32: =IFERROR(__xludf.DUMMYFUNCTION("""COMPUTED_VALUE"""),"email responses and volunteer outreach") -> email responses and volunteer outreach | AP32: 46071 | AQ32: Art in the Park 2026 | AR32: Briana Thaxton | AS32: Visual Arts Society | AT32: Committee Member Hours | AU32: Total Hours | AV32: 0.39583333 | AW32: 0.41736111 | AX32: 0.516667 | BC32: (Event) Art in the Park 2026, (Org) Visual Arts Society, (Type) Committee Member Hours | BD32: Clockify Import | BE32: 46071 | BF32: Artist Apps
A33: 2026 Volunteer Hours | C33: Rehearsal | E33: diana | F33: West Jordan Symphony | H33: (Type) Participant Hours, (Org) West Jordan Symphony | J33: 46067 | K33: 0.375 | L33: 46072 | M33: 0.47916667 | N33: 5.1041667 | O33: 122.5 | S33: 46067 | T33: =IFERROR(__xludf.DUMMYFUNCTION("""COMPUTED_VALUE"""),"General - West Jordan Symphony") -> General - West Jordan Symphony | U33: Diana Larsen | V33: West Jordan Symphony | W33: =IFERROR(__xludf.DUMMYFUNCTION("""COMPUTED_VALUE"""),"Participant Hours") -> Participant Hours | X33: Total Hours | Y33: 122.5 | Z33: (Type) Participant Hours, (Org) West Jordan Symphony | AA33: Clockify Import | AB33: 46067 | AC33: Rehearsal | AK33: =IFERROR(__xludf.DUMMYFUNCTION("""COMPUTED_VALUE"""),"finish and print bingo flyers") -> finish and print bingo flyers | AP33: 46067 | AQ33: General - West Jordan Symphony | AR33: Diana Larsen | AS33: West Jordan Symphony | AT33: Participant Hours | AU33: Total Hours | AV33: 0.375 | AW33: 0.47916667 | AX33: 122.5 | BC33: (Type) Participant Hours, (Org) West Jordan Symphony | BD33: Clockify Import | BE33: 46067 | BF33: Rehearsal
A34: 2026 Volunteer Hours | C34: Ticket taking | E34: brook.mann | F34: West Jordan Youth Theatre | H34: (Org) West Jordan Youth Theatre, (Type) Committee Member Hours | J34: 46066 | K34: 0.80347222 | L34: 46066 | M34: 0.85902778 | N34: 0.055555556 | O34: 1.333333 | S34: 46066 | T34: =IFERROR(__xludf.DUMMYFUNCTION("""COMPUTED_VALUE"""),"General - West Jordan Youth Theatre") -> General - West Jordan Youth Theatre | U34: Brook mann | V34: West Jordan Youth Theatre | W34: =IFERROR(__xludf.DUMMYFUNCTION("""COMPUTED_VALUE"""),"Committee Member Hours") -> Committee Member Hours | X34: Total Hours | Y34: 1.333333 | Z34: (Org) West Jordan Youth Theatre, (Type) Committee Member Hours | AA34: Clockify Import | AB34: 46066 | AC34: Ticket taking | AK34: =IFERROR(__xludf.DUMMYFUNCTION("""COMPUTED_VALUE"""),"Google Meet with Dillon") -> Google Meet with Dillon | AP34: 46066 | AQ34: General - West Jordan Youth Theatre | AR34: Brook mann | AS34: West Jordan Youth Theatre | AT34: Committee Member Hours | AU34: Total Hours | AV34: 0.80347222 | AW34: 0.85902778 | AX34: 1.333333 | BC34: (Org) West Jordan Youth Theatre, (Type) Committee Member Hours | BD34: Clockify Import | BE34: 46066 | BF34: Ticket taking
A35: 2026 Volunteer Hours | C35: Artist Apps | E35: brianna.thaxton | F35: Visual Arts Society | H35: (Event) Art in the Park 2026, (Org) Visual Arts Society, (Type) Committee Member Hours | J35: 46064 | K35: 0.90277778 | L35: 46064 | M35: 0.92083333 | N35: 0.018055556 | O35: 0.433333 | S35: 46064 | T35: =IFERROR(__xludf.DUMMYFUNCTION("""COMPUTED_VALUE"""),"Art in the Park 2026") -> Art in the Park 2026 | U35: Briana Thaxton | V35: Visual Arts Society | W35: =IFERROR(__xludf.DUMMYFUNCTION("""COMPUTED_VALUE"""),"Committee Member Hours") -> Committee Member Hours | X35: Total Hours | Y35: 0.433333 | Z35: (Event) Art in the Park 2026, (Org) Visual Arts Society, (Type) Committee Member Hours | AA35: Clockify Import | AB35: 46064 | AC35: Artist Apps | AK35: =IFERROR(__xludf.DUMMYFUNCTION("""COMPUTED_VALUE"""),"Marketing Meeting") -> Marketing Meeting | AP35: 46064 | AQ35: Art in the Park 2026 | AR35: Briana Thaxton | AS35: Visual Arts Society | AT35: Committee Member Hours | AU35: Total Hours | AV35: 0.90277778 | AW35: 0.92083333 | AX35: 0.433333 | BC35: (Event) Art in the Park 2026, (Org) Visual Arts Society, (Type) Committee Member Hours | BD35: Clockify Import | BE35: 46064 | BF35: Artist Apps
A36: 2026 Volunteer Hours | C36: Reviewing Annual Report | E36: Marche | F36: West Jordan Symphony | H36: (Type) Committee Member Hours | J36: 46064 | K36: 0.46111111 | L36: 46064 | M36: 0.46875 | N36: 0.0076388889 | O36: 0.183333 | S36: 46064 | T36: =IFERROR(__xludf.DUMMYFUNCTION("""COMPUTED_VALUE"""),"General - West Jordan Symphony") -> General - West Jordan Symphony | U36: Marche Weffer | V36: West Jordan Symphony | W36: =IFERROR(__xludf.DUMMYFUNCTION("""COMPUTED_VALUE"""),"Committee Member Hours") -> Committee Member Hours | X36: Total Hours | Y36: 0.183333 | Z36: (Type) Committee Member Hours | AA36: Clockify Import | AB36: 46064 | AC36: Reviewing Annual Report | AK36: =IFERROR(__xludf.DUMMYFUNCTION("""COMPUTED_VALUE"""),"Marketing meeting") -> Marketing meeting | AP36: 46064 | AQ36: General - West Jordan Symphony | AR36: Marche Weffer | AS36: West Jordan Symphony | AT36: Committee Member Hours | AU36: Total Hours | AV36: 0.46111111 | AW36: 0.46875 | AX36: 0.183333 | BC36: (Type) Committee Member Hours | BD36: Clockify Import | BE36: 46064 | BF36: Reviewing Annual Report
A37: 2026 Volunteer Hours | C37: Reviewing Annual Report | E37: Marche | F37: West Jordan Symphony | H37: (Type) Committee Member Hours | J37: 46064 | K37: 0.44305556 | L37: 46064 | M37: 0.45416667 | N37: 0.011111111 | O37: 0.266667 | S37: 46064 | T37: =IFERROR(__xludf.DUMMYFUNCTION("""COMPUTED_VALUE"""),"General - West Jordan Symphony") -> General - West Jordan Symphony | U37: Marche Weffer | V37: West Jordan Symphony | W37: =IFERROR(__xludf.DUMMYFUNCTION("""COMPUTED_VALUE"""),"Committee Member Hours") -> Committee Member Hours | X37: Total Hours | Y37: 0.266667 | Z37: (Type) Committee Member Hours | AA37: Clockify Import | AB37: 46064 | AC37: Reviewing Annual Report | AK37: =IFERROR(__xludf.DUMMYFUNCTION("""COMPUTED_VALUE"""),"Meeting") -> Meeting | AP37: 46064 | AQ37: General - West Jordan Symphony | AR37: Marche Weffer | AS37: West Jordan Symphony | AT37: Committee Member Hours | AU37: Total Hours | AV37: 0.44305556 | AW37: 0.45416667 | AX37: 0.266667 | BC37: (Type) Committee Member Hours | BD37: Clockify Import | BE37: 46064 | BF37: Reviewing Annual Report
A38: 2026 Volunteer Hours | C38: Docusigning Code of Ethics | E38: Marche | F38: West Jordan Symphony | H38: (Type) Committee Member Hours | J38: 46064 | K38: 0.43680556 | L38: 46064 | M38: 0.44097222 | N38: 0.0041666667 | O38: 0.1 | S38: 46064 | T38: =IFERROR(__xludf.DUMMYFUNCTION("""COMPUTED_VALUE"""),"General - West Jordan Symphony") -> General - West Jordan Symphony | U38: Marche Weffer | V38: West Jordan Symphony | W38: =IFERROR(__xludf.DUMMYFUNCTION("""COMPUTED_VALUE"""),"Committee Member Hours") -> Committee Member Hours | X38: Total Hours | Y38: 0.1 | Z38: (Type) Committee Member Hours | AA38: Clockify Import | AB38: 46064 | AC38: Docusigning Code of Ethics | AK38: =IFERROR(__xludf.DUMMYFUNCTION("""COMPUTED_VALUE"""),"meeting and volunteer outreach") -> meeting and volunteer outreach | AP38: 46064 | AQ38: General - West Jordan Symphony | AR38: Marche Weffer | AS38: West Jordan Symphony | AT38: Committee Member Hours | AU38: Total Hours | AV38: 0.43680556 | AW38: 0.44097222 | AX38: 0.1 | BC38: (Type) Committee Member Hours | BD38: Clockify Import | BE38: 46064 | BF38: Docusigning Code of Ethics
A39: 2026 Volunteer Hours | C39: Responding to request to join submissions | E39: Marche | F39: West Jordan Symphony | H39: (Org) West Jordan Symphony, (Type) Committee Member Hours | J39: 46064 | K39: 0.43194444 | L39: 46064 | M39: 0.43611111 | N39: 0.0041666667 | O39: 0.1 | S39: 46064 | T39: =IFERROR(__xludf.DUMMYFUNCTION("""COMPUTED_VALUE"""),"General - West Jordan Symphony") -> General - West Jordan Symphony | U39: Marche Weffer | V39: West Jordan Symphony | W39: =IFERROR(__xludf.DUMMYFUNCTION("""COMPUTED_VALUE"""),"Committee Member Hours") -> Committee Member Hours | X39: Total Hours | Y39: 0.1 | Z39: (Org) West Jordan Symphony, (Type) Committee Member Hours | AA39: Clockify Import | AB39: 46064 | AC39: Responding to request to join submissions | AK39: =IFERROR(__xludf.DUMMYFUNCTION("""COMPUTED_VALUE"""),"Meeting with Dillon, map, reminder emails") -> Meeting with Dillon, map, reminder emails | AP39: 46064 | AQ39: General - West Jordan Symphony | AR39: Marche Weffer | AS39: West Jordan Symphony | AT39: Committee Member Hours | AU39: Total Hours | AV39: 0.43194444 | AW39: 0.43611111 | AX39: 0.1 | BC39: (Org) West Jordan Symphony, (Type) Committee Member Hours | BD39: Clockify Import | BE39: 46064 | BF39: Responding to request to join submissions
A40: 2026 Volunteer Hours | C40: Sky Island Quartet Tickets | E40: Kirstin | F40: West Jordan Symphony | H40: (Org) West Jordan Symphony, (Type) Volunteer Hours | J40: 46063 | K40: 0.75 | L40: 46063 | M40: 0.80208333 | N40: 0.052083333 | O40: 1.25 | S40: 46063 | T40: =IFERROR(__xludf.DUMMYFUNCTION("""COMPUTED_VALUE"""),"General - West Jordan Symphony") -> General - West Jordan Symphony | U40: Kirstin Hoyt | V40: West Jordan Symphony | W40: =IFERROR(__xludf.DUMMYFUNCTION("""COMPUTED_VALUE"""),"Volunteer Hours") -> Volunteer Hours | X40: Total Hours | Y40: 1.25 | Z40: (Org) West Jordan Symphony, (Type) Volunteer Hours | AA40: Clockify Import | AB40: 46063 | AC40: Sky Island Quartet Tickets | AK40: =IFERROR(__xludf.DUMMYFUNCTION("""COMPUTED_VALUE"""),"Meeting with Michael") -> Meeting with Michael | AP40: 46063 | AQ40: General - West Jordan Symphony | AR40: Kirstin Hoyt | AS40: West Jordan Symphony | AT40: Volunteer Hours | AU40: Total Hours | AV40: 0.75 | AW40: 0.80208333 | AX40: 1.25 | BC40: (Org) West Jordan Symphony, (Type) Volunteer Hours | BD40: Clockify Import | BE40: 46063 | BF40: Sky Island Quartet Tickets
A41: 2026 Volunteer Hours | C41: Quartet performance | E41: rocrowley | F41: CASWJ Board | H41: (Type) CASWJ Board Hours | J41: 46061 | K41: 0.79166667 | L41: 46062 | M41: 0.375 | N41: 0.58333333 | O41: 14 | S41: 46061 | T41: =IFERROR(__xludf.DUMMYFUNCTION("""COMPUTED_VALUE"""),"General / No Specific Project") -> General / No Specific Project | U41: Rachel O'Crowley | V41: CASWJ | W41: =IFERROR(__xludf.DUMMYFUNCTION("""COMPUTED_VALUE"""),"CASWJ Board Hours") -> CASWJ Board Hours | X41: Total Hours | Y41: 14 | Z41: (Type) CASWJ Board Hours | AA41: Clockify Import | AB41: 46061 | AC41: Quartet performance | AK41: =IFERROR(__xludf.DUMMYFUNCTION("""COMPUTED_VALUE"""),"Membership emails") -> Membership emails | AP41: 46061 | AQ41: General / No Specific Project | AR41: Rachel O'Crowley | AS41: CASWJ | AT41: CASWJ Board Hours | AU41: Total Hours | AV41: 0.79166667 | AW41: 0.375 | AX41: 14 | BC41: (Type) CASWJ Board Hours | BD41: Clockify Import | BE41: 46061 | BF41: Quartet performance
A42: 2026 Volunteer Hours | C42: Rehearsal | E42: diana | F42: West Jordan Symphony | H42: (Type) Participant Hours, (Org) West Jordan Symphony | J42: 46060 | K42: 0.375 | L42: 46064 | M42: 0.85416667 | N42: 4.4791667 | O42: 107.5 | S42: 46060 | T42: =IFERROR(__xludf.DUMMYFUNCTION("""COMPUTED_VALUE"""),"General - West Jordan Symphony") -> General - West Jordan Symphony | U42: Diana Larsen | V42: West Jordan Symphony | W42: =IFERROR(__xludf.DUMMYFUNCTION("""COMPUTED_VALUE"""),"Participant Hours") -> Participant Hours | X42: Total Hours | Y42: 107.5 | Z42: (Type) Participant Hours, (Org) West Jordan Symphony | AA42: Clockify Import | AB42: 46060 | AC42: Rehearsal | AK42: =IFERROR(__xludf.DUMMYFUNCTION("""COMPUTED_VALUE"""),"Midsummer box office") -> Midsummer box office | AP42: 46060 | AQ42: General - West Jordan Symphony | AR42: Diana Larsen | AS42: West Jordan Symphony | AT42: Participant Hours | AU42: Total Hours | AV42: 0.375 | AW42: 0.85416667 | AX42: 107.5 | BC42: (Type) Participant Hours, (Org) West Jordan Symphony | BD42: Clockify Import | BE42: 46060 | BF42: Rehearsal
A43: 2026 Volunteer Hours | C43: Committee lunch | E43: maya.collinwood | F43: Visual Arts Society | H43: (Org) Visual Arts Society, (Type) Committee Member Hours | J43: 46059 | K43: 0.5 | L43: 46059 | M43: 0.58333333 | N43: 0.083333333 | O43: 2 | S43: 46059 | T43: =IFERROR(__xludf.DUMMYFUNCTION("""COMPUTED_VALUE"""),"General - Visual Arts Society") -> General - Visual Arts Society | U43: Maya Collinwood | V43: Visual Arts Society | W43: =IFERROR(__xludf.DUMMYFUNCTION("""COMPUTED_VALUE"""),"Committee Member Hours") -> Committee Member Hours | X43: Total Hours | Y43: 2 | Z43: (Org) Visual Arts Society, (Type) Committee Member Hours | AA43: Clockify Import | AB43: 46059 | AC43: Committee lunch | AK43: =IFERROR(__xludf.DUMMYFUNCTION("""COMPUTED_VALUE"""),"Midsummer box office and strike") -> Midsummer box office and strike | AP43: 46059 | AQ43: General - Visual Arts Society | AR43: Maya Collinwood | AS43: Visual Arts Society | AT43: Committee Member Hours | AU43: Total Hours | AV43: 0.5 | AW43: 0.58333333 | AX43: 2 | BC43: (Org) Visual Arts Society, (Type) Committee Member Hours | BD43: Clockify Import | BE43: 46059 | BF43: Committee lunch
A44: 2026 Volunteer Hours | C44: Artist Apps | E44: brianna.thaxton | F44: Visual Arts Society | H44: (Event) Art in the Park 2026, (Type) Committee Member Hours, (Org) Visual Arts Society | J44: 46058 | K44: 0.58333333 | L44: 46058 | M44: 0.60694444 | N44: 0.023611111 | O44: 0.566667 | S44: 46058 | T44: =IFERROR(__xludf.DUMMYFUNCTION("""COMPUTED_VALUE"""),"Art in the Park 2026") -> Art in the Park 2026 | U44: Briana Thaxton | V44: Visual Arts Society | W44: =IFERROR(__xludf.DUMMYFUNCTION("""COMPUTED_VALUE"""),"Committee Member Hours") -> Committee Member Hours | X44: Total Hours | Y44: 0.566667 | Z44: (Event) Art in the Park 2026, (Type) Committee Member Hours, (Org) Visual Arts Society | AA44: Clockify Import | AB44: 46058 | AC44: Artist Apps | AK44: =IFERROR(__xludf.DUMMYFUNCTION("""COMPUTED_VALUE"""),"Midsummer program") -> Midsummer program | AP44: 46058 | AQ44: Art in the Park 2026 | AR44: Briana Thaxton | AS44: Visual Arts Society | AT44: Committee Member Hours | AU44: Total Hours | AV44: 0.58333333 | AW44: 0.60694444 | AX44: 0.566667 | BC44: (Event) Art in the Park 2026, (Type) Committee Member Hours, (Org) Visual Arts Society | BD44: Clockify Import | BE44: 46058 | BF44: Artist Apps
A45: 2026 Volunteer Hours | C45: Simply Sushi Lunch Meeting | E45: brianna.thaxton | F45: Visual Arts Society | H45: (Event) Art in the Park 2026, (Org) Visual Arts Society, (Type) Committee Member Hours | J45: 46058 | K45: 0.5 | L45: 46058 | M45: 0.5625 | N45: 0.0625 | O45: 1.5 | S45: 46058 | T45: =IFERROR(__xludf.DUMMYFUNCTION("""COMPUTED_VALUE"""),"Art in the Park 2026") -> Art in the Park 2026 | U45: Briana Thaxton | V45: Visual Arts Society | W45: =IFERROR(__xludf.DUMMYFUNCTION("""COMPUTED_VALUE"""),"Committee Member Hours") -> Committee Member Hours | X45: Total Hours | Y45: 1.5 | Z45: (Event) Art in the Park 2026, (Org) Visual Arts Society, (Type) Committee Member Hours | AA45: Clockify Import | AB45: 46058 | AC45: Simply Sushi Lunch Meeting | AK45: =IFERROR(__xludf.DUMMYFUNCTION("""COMPUTED_VALUE"""),"picking up t shirts") -> picking up t shirts | AP45: 46058 | AQ45: Art in the Park 2026 | AR45: Briana Thaxton | AS45: Visual Arts Society | AT45: Committee Member Hours | AU45: Total Hours | AV45: 0.5 | AW45: 0.5625 | AX45: 1.5 | BC45: (Event) Art in the Park 2026, (Org) Visual Arts Society, (Type) Committee Member Hours | BD45: Clockify Import | BE45: 46058 | BF45: Simply Sushi Lunch Meeting
A46: 2026 Volunteer Hours | C46: Board Hours | E46: jkimball | F46: CASWJ Board | H46: (Type) CASWJ Board Hours | J46: 46056 | K46: 0.35069444 | L46: 46056 | M46: 0.39236111 | N46: 0.041666667 | O46: 1 | S46: 46056 | T46: =IFERROR(__xludf.DUMMYFUNCTION("""COMPUTED_VALUE"""),"General / No Specific Project") -> General / No Specific Project | U46: Janessa Kimball | V46: CASWJ | W46: =IFERROR(__xludf.DUMMYFUNCTION("""COMPUTED_VALUE"""),"CASWJ Board Hours") -> CASWJ Board Hours | X46: Total Hours | Y46: 1 | Z46: (Type) CASWJ Board Hours | AA46: Clockify Import | AB46: 46056 | AC46: Board Hours | AK46: =IFERROR(__xludf.DUMMYFUNCTION("""COMPUTED_VALUE"""),"Plein air") -> Plein air | AP46: 46056 | AQ46: General / No Specific Project | AR46: Janessa Kimball | AS46: CASWJ | AT46: CASWJ Board Hours | AU46: Total Hours | AV46: 0.35069444 | AW46: 0.39236111 | AX46: 1 | BC46: (Type) CASWJ Board Hours | BD46: Clockify Import | BE46: 46056 | BF46: Board Hours
A47: 2026 Volunteer Hours | C47: WJYT March Volunteer Hours | E47: Alex.moffitt | F47: West Jordan Youth Theatre | H47: (Org) West Jordan Youth Theatre | J47: 46112 | K47: 0.84861111 | L47: 46154 | M47: 0.47361111 | N47: 41.625 | O47: 999 | S47: 46112 | T47: =IFERROR(__xludf.DUMMYFUNCTION("""COMPUTED_VALUE"""),"General - West Jordan Youth Theatre") -> General - West Jordan Youth Theatre | U47: Alex Moffitt | V47: West Jordan Youth Theatre | W47: =IFERROR(__xludf.DUMMYFUNCTION("""COMPUTED_VALUE"""),"") | X47: Total Hours | Y47: 999 | Z47: (Org) West Jordan Youth Theatre | AA47: Clockify Import | AB47: 46112 | AC47: WJYT March Volunteer Hours | AK47: =IFERROR(__xludf.DUMMYFUNCTION("""COMPUTED_VALUE"""),"Plein Air Bingo") -> Plein Air Bingo | AP47: 46112 | AQ47: General - West Jordan Youth Theatre | AR47: Alex Moffitt | AS47: West Jordan Youth Theatre | AU47: Total Hours | AV47: 0.84861111 | AW47: 0.47361111 | AX47: 999 | BC47: (Org) West Jordan Youth Theatre | BD47: Clockify Import | BE47: 46112 | BF47: WJYT March Volunteer Hours
A48: 2026 Volunteer Hours | C48: WJYT March Volunteer hours | E48: Alex.moffitt | F48: West Jordan Youth Theatre | H48: (Org) West Jordan Youth Theatre | J48: 46112 | K48: 0.51527778 | L48: 46127 | M48: 0.59861111 | N48: 15.083333 | O48: 362 | S48: 46112 | T48: =IFERROR(__xludf.DUMMYFUNCTION("""COMPUTED_VALUE"""),"General - West Jordan Youth Theatre") -> General - West Jordan Youth Theatre | U48: Alex Moffitt | V48: West Jordan Youth Theatre | W48: =IFERROR(__xludf.DUMMYFUNCTION("""COMPUTED_VALUE"""),"") | X48: Total Hours | Y48: 362 | Z48: (Org) West Jordan Youth Theatre | AA48: Clockify Import | AB48: 46112 | AC48: WJYT March Volunteer hours | AK48: =IFERROR(__xludf.DUMMYFUNCTION("""COMPUTED_VALUE"""),"Plein Air Festival") -> Plein Air Festival | AP48: 46112 | AQ48: General - West Jordan Youth Theatre | AR48: Alex Moffitt | AS48: West Jordan Youth Theatre | AU48: Total Hours | AV48: 0.51527778 | AW48: 0.59861111 | AX48: 362 | BC48: (Org) West Jordan Youth Theatre | BD48: Clockify Import | BE48: 46112 | BF48: WJYT March Volunteer hours
A49: 2026 Volunteer Hours | C49: Treasurer tasks | E49: treasurer | F49: CASWJ Board | H49: (Type) CASWJ Board Hours, (Org) CASWJ Board | J49: 46112 | K49: 0.45138889 | L49: 46112 | M49: 0.46875 | N49: 0.017361111 | O49: 0.416667 | S49: 46112 | T49: =IFERROR(__xludf.DUMMYFUNCTION("""COMPUTED_VALUE"""),"General / No Specific Project") -> General / No Specific Project | U49: Chelsea McGee | V49: CASWJ | W49: =IFERROR(__xludf.DUMMYFUNCTION("""COMPUTED_VALUE"""),"CASWJ Board Hours") -> CASWJ Board Hours | X49: Total Hours | Y49: 0.416667 | Z49: (Type) CASWJ Board Hours, (Org) CASWJ Board | AA49: Clockify Import | AB49: 46112 | AC49: Treasurer tasks | AK49: =IFERROR(__xludf.DUMMYFUNCTION("""COMPUTED_VALUE"""),"Plein Air Festival emails") -> Plein Air Festival emails | AP49: 46112 | AQ49: General / No Specific Project | AR49: Chelsea McGee | AS49: CASWJ | AT49: CASWJ Board Hours | AU49: Total Hours | AV49: 0.45138889 | AW49: 0.46875 | AX49: 0.416667 | BC49: (Type) CASWJ Board Hours, (Org) CASWJ Board | BD49: Clockify Import | BE49: 46112 | BF49: Treasurer tasks
A50: 2026 Volunteer Hours | C50: CASWJ Board Hours | E50: rocrowley | F50: CASWJ | H50: (Type) CASWJ Board Hours | J50: 46112 | K50: 0.375 | L50: 46112 | M50: 0.5 | N50: 0.125 | O50: 3 | S50: 46112 | T50: =IFERROR(__xludf.DUMMYFUNCTION("""COMPUTED_VALUE"""),"") | U50: Rachel O'Crowley | W50: =IFERROR(__xludf.DUMMYFUNCTION("""COMPUTED_VALUE"""),"CASWJ Board Hours") -> CASWJ Board Hours | X50: Total Hours | Y50: 3 | Z50: (Type) CASWJ Board Hours | AA50: Clockify Import | AB50: 46112 | AC50: CASWJ Board Hours | AK50: =IFERROR(__xludf.DUMMYFUNCTION("""COMPUTED_VALUE"""),"Plein Air Festival onboarding forms") -> Plein Air Festival onboarding forms | AP50: 46112 | AR50: Rachel O'Crowley | AT50: CASWJ Board Hours | AU50: Total Hours | AV50: 0.375 | AW50: 0.5 | AX50: 3 | BC50: (Type) CASWJ Board Hours | BD50: Clockify Import | BE50: 46112 | BF50: CASWJ Board Hours
A51: 2026 Volunteer Hours | C51: Visual Arts | E51: rocrowley | F51: Visual Arts Society | H51: (Type) Committee Member Hours | J51: 46112 | K51: 0.375 | L51: 46112 | M51: 0.79166667 | N51: 0.41666667 | O51: 10 | S51: 46112 | T51: =IFERROR(__xludf.DUMMYFUNCTION("""COMPUTED_VALUE"""),"General - Visual Arts Society") -> General - Visual Arts Society | U51: Rachel O'Crowley | V51: Visual Arts Society | W51: =IFERROR(__xludf.DUMMYFUNCTION("""COMPUTED_VALUE"""),"Committee Member Hours") -> Committee Member Hours | X51: Total Hours | Y51: 10 | Z51: (Type) Committee Member Hours | AA51: Clockify Import | AB51: 46112 | AC51: Visual Arts | AK51: =IFERROR(__xludf.DUMMYFUNCTION("""COMPUTED_VALUE"""),"Plein Air Festival Planning Meeting") -> Plein Air Festival Planning Meeting | AP51: 46112 | AQ51: General - Visual Arts Society | AR51: Rachel O'Crowley | AS51: Visual Arts Society | AT51: Committee Member Hours | AU51: Total Hours | AV51: 0.375 | AW51: 0.79166667 | AX51: 10 | BC51: (Type) Committee Member Hours | BD51: Clockify Import | BE51: 46112 | BF51: Visual Arts
A52: 2026 Volunteer Hours | C52: Treasurer tasks | E52: treasurer | F52: CASWJ Board | H52: (Type) CASWJ Board Hours, (Org) CASWJ Board | J52: 46111 | K52: 0.48958333 | L52: 46111 | M52: 0.51041667 | N52: 0.020833333 | O52: 0.5 | S52: 46111 | T52: =IFERROR(__xludf.DUMMYFUNCTION("""COMPUTED_VALUE"""),"General / No Specific Project") -> General / No Specific Project | U52: Chelsea McGee | V52: CASWJ | W52: =IFERROR(__xludf.DUMMYFUNCTION("""COMPUTED_VALUE"""),"CASWJ Board Hours") -> CASWJ Board Hours | X52: Total Hours | Y52: 0.5 | Z52: (Type) CASWJ Board Hours, (Org) CASWJ Board | AA52: Clockify Import | AB52: 46111 | AC52: Treasurer tasks | AK52: =IFERROR(__xludf.DUMMYFUNCTION("""COMPUTED_VALUE"""),"Plein Air meeting") -> Plein Air meeting | AP52: 46111 | AQ52: General / No Specific Project | AR52: Chelsea McGee | AS52: CASWJ | AT52: CASWJ Board Hours | AU52: Total Hours | AV52: 0.48958333 | AW52: 0.51041667 | AX52: 0.5 | BC52: (Type) CASWJ Board Hours, (Org) CASWJ Board | BD52: Clockify Import | BE52: 46111 | BF52: Treasurer tasks
A53: 2026 Volunteer Hours | C53: T shirt quotes and volunteer form | E53: Anna Nelson | F53: Visual Arts Society | H53: (Type) Committee Member Hours | J53: 46111 | K53: 0.38888889 | L53: 46111 | M53: 0.42361111 | N53: 0.034722222 | O53: 0.833333 | S53: 46111 | T53: =IFERROR(__xludf.DUMMYFUNCTION("""COMPUTED_VALUE"""),"General - Visual Arts Society") -> General - Visual Arts Society | U53: Anna Nelson | V53: Visual Arts Society | W53: =IFERROR(__xludf.DUMMYFUNCTION("""COMPUTED_VALUE"""),"Committee Member Hours") -> Committee Member Hours | X53: Total Hours | Y53: 0.833333 | Z53: (Type) Committee Member Hours | AA53: Clockify Import | AB53: 46111 | AC53: T shirt quotes and volunteer form | AK53: =IFERROR(__xludf.DUMMYFUNCTION("""COMPUTED_VALUE"""),"Plein air meeting and partner requests") -> Plein air meeting and partner requests | AP53: 46111 | AQ53: General - Visual Arts Society | AR53: Anna Nelson | AS53: Visual Arts Society | AT53: Committee Member Hours | AU53: Total Hours | AV53: 0.38888889 | AW53: 0.42361111 | AX53: 0.833333 | BC53: (Type) Committee Member Hours | BD53: Clockify Import | BE53: 46111 | BF53: T shirt quotes and volunteer form
A54: 2026 Volunteer Hours | C54: Midsummer box office and strike | E54: Jen.crabb | F54: Sugar Factory Playhouse | H54: (Type) Committee Member Hours | J54: 46110 | K54: 0.77083333 | L54: 46110 | M54: 0.97916667 | N54: 0.20833333 | O54: 5 | S54: 46110 | T54: =IFERROR(__xludf.DUMMYFUNCTION("""COMPUTED_VALUE"""),"General - Sugar Factory Playhouse") -> General - Sugar Factory Playhouse | U54: Jen Crabb | V54: Sugar Factory Playhouse | W54: =IFERROR(__xludf.DUMMYFUNCTION("""COMPUTED_VALUE"""),"Committee Member Hours") -> Committee Member Hours | X54: Total Hours | Y54: 5 | Z54: (Type) Committee Member Hours | AA54: Clockify Import | AB54: 46110 | AC54: Midsummer box office and strike | AK54: =IFERROR(__xludf.DUMMYFUNCTION("""COMPUTED_VALUE"""),"Plein Air meeting and planning") -> Plein Air meeting and planning | AP54: 46110 | AQ54: General - Sugar Factory Playhouse | AR54: Jen Crabb | AS54: Sugar Factory Playhouse | AT54: Committee Member Hours | AU54: Total Hours | AV54: 0.77083333 | AW54: 0.97916667 | AX54: 5 | BC54: (Type) Committee Member Hours | BD54: Clockify Import | BE54: 46110 | BF54: Midsummer box office and strike
A55: 2026 Volunteer Hours | C55: Email Responses | E55: brianna.thaxton | F55: Visual Arts Society | H55: (Event) Art in the Park 2026, (Org) Visual Arts Society, (Type) Committee Member Hours | J55: 46110 | K55: 0.425 | L55: 46110 | M55: 0.43541667 | N55: 0.010416667 | O55: 0.25 | S55: 46110 | T55: =IFERROR(__xludf.DUMMYFUNCTION("""COMPUTED_VALUE"""),"Art in the Park 2026") -> Art in the Park 2026 | U55: Briana Thaxton | V55: Visual Arts Society | W55: =IFERROR(__xludf.DUMMYFUNCTION("""COMPUTED_VALUE"""),"Committee Member Hours") -> Committee Member Hours | X55: Total Hours | Y55: 0.25 | Z55: (Event) Art in the Park 2026, (Org) Visual Arts Society, (Type) Committee Member Hours | AA55: Clockify Import | AB55: 46110 | AC55: Email Responses | AK55: =IFERROR(__xludf.DUMMYFUNCTION("""COMPUTED_VALUE"""),"plein air meeting, volunteer form and outreach") -> plein air meeting, volunteer form and outreach | AP55: 46110 | AQ55: Art in the Park 2026 | AR55: Briana Thaxton | AS55: Visual Arts Society | AT55: Committee Member Hours | AU55: Total Hours | AV55: 0.425 | AW55: 0.43541667 | AX55: 0.25 | BC55: (Event) Art in the Park 2026, (Org) Visual Arts Society, (Type) Committee Member Hours | BD55: Clockify Import | BE55: 46110 | BF55: Email Responses
A56: 2026 Volunteer Hours | C56: Rehearsal | E56: diana | F56: West Jordan Symphony | H56: (Type) Participant Hours, (Org) West Jordan Symphony | J56: 46109 | K56: 0.375 | L56: 46115 | M56: 0 | N56: 5.625 | O56: 135 | S56: 46109 | T56: =IFERROR(__xludf.DUMMYFUNCTION("""COMPUTED_VALUE"""),"General - West Jordan Symphony") -> General - West Jordan Symphony | U56: Diana Larsen | V56: West Jordan Symphony | W56: =IFERROR(__xludf.DUMMYFUNCTION("""COMPUTED_VALUE"""),"Participant Hours") -> Participant Hours | X56: Total Hours | Y56: 135 | Z56: (Type) Participant Hours, (Org) West Jordan Symphony | AA56: Clockify Import | AB56: 46109 | AC56: Rehearsal | AK56: =IFERROR(__xludf.DUMMYFUNCTION("""COMPUTED_VALUE"""),"Plein Air Planning Meeting") -> Plein Air Planning Meeting | AP56: 46109 | AQ56: General - West Jordan Symphony | AR56: Diana Larsen | AS56: West Jordan Symphony | AT56: Participant Hours | AU56: Total Hours | AV56: 0.375 | AW56: 0 | AX56: 135 | BC56: (Type) Participant Hours, (Org) West Jordan Symphony | BD56: Clockify Import | BE56: 46109 | BF56: Rehearsal
A57: 2026 Volunteer Hours | C57: Midsummer program | E57: Jen.crabb | F57: Sugar Factory Playhouse | H57: (Type) Committee Member Hours | J57: 46107 | K57: 0.72916667 | L57: 46107 | M57: 0.76388889 | N57: 0.034722222 | O57: 0.833333 | S57: 46107 | T57: =IFERROR(__xludf.DUMMYFUNCTION("""COMPUTED_VALUE"""),"General - Sugar Factory Playhouse") -> General - Sugar Factory Playhouse | U57: Jen Crabb | V57: Sugar Factory Playhouse | W57: =IFERROR(__xludf.DUMMYFUNCTION("""COMPUTED_VALUE"""),"Committee Member Hours") -> Committee Member Hours | X57: Total Hours | Y57: 0.833333 | Z57: (Type) Committee Member Hours | AA57: Clockify Import | AB57: 46107 | AC57: Midsummer program | AK57: =IFERROR(__xludf.DUMMYFUNCTION("""COMPUTED_VALUE"""),"Pricing of yard signs and t shirts for Art Festival") -> Pricing of yard signs and t shirts for Art Festival | AP57: 46107 | AQ57: General - Sugar Factory Playhouse | AR57: Jen Crabb | AS57: Sugar Factory Playhouse | AT57: Committee Member Hours | AU57: Total Hours | AV57: 0.72916667 | AW57: 0.76388889 | AX57: 0.833333 | BC57: (Type) Committee Member Hours | BD57: Clockify Import | BE57: 46107 | BF57: Midsummer program
A58: 2026 Volunteer Hours | C58: Midsummer box office | E58: Jen.crabb | F58: Sugar Factory Playhouse | H58: (Type) Committee Member Hours | J58: 46106 | K58: 0.77083333 | L58: 46106 | M58: 0.91666667 | N58: 0.14583333 | O58: 3.5 | S58: 46106 | T58: =IFERROR(__xludf.DUMMYFUNCTION("""COMPUTED_VALUE"""),"General - Sugar Factory Playhouse") -> General - Sugar Factory Playhouse | U58: Jen Crabb | V58: Sugar Factory Playhouse | W58: =IFERROR(__xludf.DUMMYFUNCTION("""COMPUTED_VALUE"""),"Committee Member Hours") -> Committee Member Hours | X58: Total Hours | Y58: 3.5 | Z58: (Type) Committee Member Hours | AA58: Clockify Import | AB58: 46106 | AC58: Midsummer box office | AK58: =IFERROR(__xludf.DUMMYFUNCTION("""COMPUTED_VALUE"""),"Quartet performance") -> Quartet performance | AP58: 46106 | AQ58: General - Sugar Factory Playhouse | AR58: Jen Crabb | AS58: Sugar Factory Playhouse | AT58: Committee Member Hours | AU58: Total Hours | AV58: 0.77083333 | AW58: 0.91666667 | AX58: 3.5 | BC58: (Type) Committee Member Hours | BD58: Clockify Import | BE58: 46106 | BF58: Midsummer box office
A59: 2026 Volunteer Hours | C59: Coffee truck arrangements, f/u sanitation, email Plein Air partners, fill out Costco request | E59: maya.collinwood | F59: Visual Arts Society | H59: (Org) Visual Arts Society, (Type) Committee Member Hours | J59: 46106 | K59: 0.5625 | L59: 46106 | M59: 0.64583333 | N59: 0.083333333 | O59: 2 | S59: 46106 | T59: =IFERROR(__xludf.DUMMYFUNCTION("""COMPUTED_VALUE"""),"General - Visual Arts Society") -> General - Visual Arts Society | U59: Maya Collinwood | V59: Visual Arts Society | W59: =IFERROR(__xludf.DUMMYFUNCTION("""COMPUTED_VALUE"""),"Committee Member Hours") -> Committee Member Hours | X59: Total Hours | Y59: 2 | Z59: (Org) Visual Arts Society, (Type) Committee Member Hours | AA59: Clockify Import | AB59: 46106 | AC59: Coffee truck arrangements, f/u sanitation, email Plein Air partners, fill out Costco request | AK59: =IFERROR(__xludf.DUMMYFUNCTION("""COMPUTED_VALUE"""),"Rehearsal") -> Rehearsal | AP59: 46106 | AQ59: General - Visual Arts Society | AR59: Maya Collinwood | AS59: Visual Arts Society | AT59: Committee Member Hours | AU59: Total Hours | AV59: 0.5625 | AW59: 0.64583333 | AX59: 2 | BC59: (Org) Visual Arts Society, (Type) Committee Member Hours | BD59: Clockify Import | BE59: 46106 | BF59: Coffee truck arrangements, f/u sanitation, email Plein Air partners, fill out Costco request
A60: 2026 Volunteer Hours | C60: Midsummer box office | E60: Jen.crabb | F60: Sugar Factory Playhouse | H60: (Type) Committee Member Hours | J60: 46104 | K60: 0.77083333 | L60: 46104 | M60: 0.91666667 | N60: 0.14583333 | O60: 3.5 | S60: 46104 | T60: =IFERROR(__xludf.DUMMYFUNCTION("""COMPUTED_VALUE"""),"General - Sugar Factory Playhouse") -> General - Sugar Factory Playhouse | U60: Jen Crabb | V60: Sugar Factory Playhouse | W60: =IFERROR(__xludf.DUMMYFUNCTION("""COMPUTED_VALUE"""),"Committee Member Hours") -> Committee Member Hours | X60: Total Hours | Y60: 3.5 | Z60: (Type) Committee Member Hours | AA60: Clockify Import | AB60: 46104 | AC60: Midsummer box office | AK60: =IFERROR(__xludf.DUMMYFUNCTION("""COMPUTED_VALUE"""),"Requesting quotes from various t shirt printing businesses.") -> Requesting quotes from various t shirt printing businesses. | AP60: 46104 | AQ60: General - Sugar Factory Playhouse | AR60: Jen Crabb | AS60: Sugar Factory Playhouse | AT60: Committee Member Hours | AU60: Total Hours | AV60: 0.77083333 | AW60: 0.91666667 | AX60: 3.5 | BC60: (Type) Committee Member Hours | BD60: Clockify Import | BE60: 46104 | BF60: Midsummer box office
A61: 2026 Volunteer Hours | C61: Treasurer tasks | E61: treasurer | F61: CASWJ Board | H61: (Type) CASWJ Board Hours, (Org) CASWJ Board | J61: 46104 | K61: 0.48958333 | L61: 46104 | M61: 0.51041667 | N61: 0.020833333 | O61: 0.5 | S61: 46104 | T61: =IFERROR(__xludf.DUMMYFUNCTION("""COMPUTED_VALUE"""),"General / No Specific Project") -> General / No Specific Project | U61: Chelsea McGee | V61: CASWJ | W61: =IFERROR(__xludf.DUMMYFUNCTION("""COMPUTED_VALUE"""),"CASWJ Board Hours") -> CASWJ Board Hours | X61: Total Hours | Y61: 0.5 | Z61: (Type) CASWJ Board Hours, (Org) CASWJ Board | AA61: Clockify Import | AB61: 46104 | AC61: Treasurer tasks | AK61: =IFERROR(__xludf.DUMMYFUNCTION("""COMPUTED_VALUE"""),"Responding to request to join submissions") -> Responding to request to join submissions | AP61: 46104 | AQ61: General / No Specific Project | AR61: Chelsea McGee | AS61: CASWJ | AT61: CASWJ Board Hours | AU61: Total Hours | AV61: 0.48958333 | AW61: 0.51041667 | AX61: 0.5 | BC61: (Type) CASWJ Board Hours, (Org) CASWJ Board | BD61: Clockify Import | BE61: 46104 | BF61: Treasurer tasks
A62: 2026 Volunteer Hours | C62: Rehearsal | E62: diana | F62: West Jordan Symphony | H62: (Type) Participant Hours, (Org) West Jordan Symphony | J62: 46102 | K62: 0.375 | L62: 46108 | M62: 0 | N62: 5.625 | O62: 135 | S62: 46102 | T62: =IFERROR(__xludf.DUMMYFUNCTION("""COMPUTED_VALUE"""),"General - West Jordan Symphony") -> General - West Jordan Symphony | U62: Diana Larsen | V62: West Jordan Symphony | W62: =IFERROR(__xludf.DUMMYFUNCTION("""COMPUTED_VALUE"""),"Participant Hours") -> Participant Hours | X62: Total Hours | Y62: 135 | Z62: (Type) Participant Hours, (Org) West Jordan Symphony | AA62: Clockify Import | AB62: 46102 | AC62: Rehearsal | AK62: =IFERROR(__xludf.DUMMYFUNCTION("""COMPUTED_VALUE"""),"Reviewing Annual Report") -> Reviewing Annual Report | AP62: 46102 | AQ62: General - West Jordan Symphony | AR62: Diana Larsen | AS62: West Jordan Symphony | AT62: Participant Hours | AU62: Total Hours | AV62: 0.375 | AW62: 0 | AX62: 135 | BC62: (Type) Participant Hours, (Org) West Jordan Symphony | BD62: Clockify Import | BE62: 46102 | BF62: Rehearsal
A63: 2026 Volunteer Hours | C63: Marketing Meeting | E63: brianna.thaxton | F63: Visual Arts Society | H63: (Event) Art in the Park 2026, (Org) Visual Arts Society, (Type) Committee Member Hours | J63: 46101 | K63: 0.79583333 | L63: 46101 | M63: 0.85416667 | N63: 0.058333333 | O63: 1.4 | S63: 46101 | T63: =IFERROR(__xludf.DUMMYFUNCTION("""COMPUTED_VALUE"""),"Art in the Park 2026") -> Art in the Park 2026 | U63: Briana Thaxton | V63: Visual Arts Society | W63: =IFERROR(__xludf.DUMMYFUNCTION("""COMPUTED_VALUE"""),"Committee Member Hours") -> Committee Member Hours | X63: Total Hours | Y63: 1.4 | Z63: (Event) Art in the Park 2026, (Org) Visual Arts Society, (Type) Committee Member Hours | AA63: Clockify Import | AB63: 46101 | AC63: Marketing Meeting | AK63: =IFERROR(__xludf.DUMMYFUNCTION("""COMPUTED_VALUE"""),"Sam Abramson- Assistant Director/February") -> Sam Abramson- Assistant Director/February | AP63: 46101 | AQ63: Art in the Park 2026 | AR63: Briana Thaxton | AS63: Visual Arts Society | AT63: Committee Member Hours | AU63: Total Hours | AV63: 0.79583333 | AW63: 0.85416667 | AX63: 1.4 | BC63: (Event) Art in the Park 2026, (Org) Visual Arts Society, (Type) Committee Member Hours | BD63: Clockify Import | BE63: 46101 | BF63: Marketing Meeting
A64: 2026 Volunteer Hours | C64: Midsummer box office | E64: Jen.crabb | F64: Sugar Factory Playhouse | H64: (Type) Committee Member Hours | J64: 46101 | K64: 0.77083333 | L64: 46101 | M64: 0.91666667 | N64: 0.14583333 | O64: 3.5 | S64: 46101 | T64: =IFERROR(__xludf.DUMMYFUNCTION("""COMPUTED_VALUE"""),"General - Sugar Factory Playhouse") -> General - Sugar Factory Playhouse | U64: Jen Crabb | V64: Sugar Factory Playhouse | W64: =IFERROR(__xludf.DUMMYFUNCTION("""COMPUTED_VALUE"""),"Committee Member Hours") -> Committee Member Hours | X64: Total Hours | Y64: 3.5 | Z64: (Type) Committee Member Hours | AA64: Clockify Import | AB64: 46101 | AC64: Midsummer box office | AK64: =IFERROR(__xludf.DUMMYFUNCTION("""COMPUTED_VALUE"""),"Sam Abramson- Assistant Director/January") -> Sam Abramson- Assistant Director/January | AP64: 46101 | AQ64: General - Sugar Factory Playhouse | AR64: Jen Crabb | AS64: Sugar Factory Playhouse | AT64: Committee Member Hours | AU64: Total Hours | AV64: 0.77083333 | AW64: 0.91666667 | AX64: 3.5 | BC64: (Type) Committee Member Hours | BD64: Clockify Import | BE64: 46101 | BF64: Midsummer box office
A65: 2026 Volunteer Hours | C65: Midsummer program | E65: Jen.crabb | F65: Sugar Factory Playhouse | H65: (Type) Committee Member Hours | J65: 46101 | K65: 0.72916667 | L65: 46101 | M65: 0.76388889 | N65: 0.034722222 | O65: 0.833333 | S65: 46101 | T65: =IFERROR(__xludf.DUMMYFUNCTION("""COMPUTED_VALUE"""),"General - Sugar Factory Playhouse") -> General - Sugar Factory Playhouse | U65: Jen Crabb | V65: Sugar Factory Playhouse | W65: =IFERROR(__xludf.DUMMYFUNCTION("""COMPUTED_VALUE"""),"Committee Member Hours") -> Committee Member Hours | X65: Total Hours | Y65: 0.833333 | Z65: (Type) Committee Member Hours | AA65: Clockify Import | AB65: 46101 | AC65: Midsummer program | AK65: =IFERROR(__xludf.DUMMYFUNCTION("""COMPUTED_VALUE"""),"SFP Board meeting") -> SFP Board meeting | AP65: 46101 | AQ65: General - Sugar Factory Playhouse | AR65: Jen Crabb | AS65: Sugar Factory Playhouse | AT65: Committee Member Hours | AU65: Total Hours | AV65: 0.72916667 | AW65: 0.76388889 | AX65: 0.833333 | BC65: (Type) Committee Member Hours | BD65: Clockify Import | BE65: 46101 | BF65: Midsummer program
A66: 2026 Volunteer Hours | C66: Marketing meeting | E66: maya.collinwood | F66: Visual Arts Society | H66: (Type) Committee Member Hours | J66: 46101 | K66: 0.70833333 | L66: 46101 | M66: 0.85416667 | N66: 0.14583333 | O66: 3.5 | S66: 46101 | T66: =IFERROR(__xludf.DUMMYFUNCTION("""COMPUTED_VALUE"""),"General - Visual Arts Society") -> General - Visual Arts Society | U66: Maya Collinwood | V66: Visual Arts Society | W66: =IFERROR(__xludf.DUMMYFUNCTION("""COMPUTED_VALUE"""),"Committee Member Hours") -> Committee Member Hours | X66: Total Hours | Y66: 3.5 | Z66: (Type) Committee Member Hours | AA66: Clockify Import | AB66: 46101 | AC66: Marketing meeting | AK66: =IFERROR(__xludf.DUMMYFUNCTION("""COMPUTED_VALUE"""),"SFP Board meeting- finance and marketing") -> SFP Board meeting- finance and marketing | AP66: 46101 | AQ66: General - Visual Arts Society | AR66: Maya Collinwood | AS66: Visual Arts Society | AT66: Committee Member Hours | AU66: Total Hours | AV66: 0.70833333 | AW66: 0.85416667 | AX66: 3.5 | BC66: (Type) Committee Member Hours | BD66: Clockify Import | BE66: 46101 | BF66: Marketing meeting
A67: 2026 Volunteer Hours | C67: T shirt inquiries | E67: Anna Nelson | F67: Visual Arts Society | H67: (Type) Committee Member Hours | J67: 46101 | K67: 0.37222222 | L67: 46101 | M67: 0.38402778 | N67: 0.011805556 | O67: 0.283333 | S67: 46101 | T67: =IFERROR(__xludf.DUMMYFUNCTION("""COMPUTED_VALUE"""),"General - Visual Arts Society") -> General - Visual Arts Society | U67: Anna Nelson | V67: Visual Arts Society | W67: =IFERROR(__xludf.DUMMYFUNCTION("""COMPUTED_VALUE"""),"Committee Member Hours") -> Committee Member Hours | X67: Total Hours | Y67: 0.283333 | Z67: (Type) Committee Member Hours | AA67: Clockify Import | AB67: 46101 | AC67: T shirt inquiries | AK67: =IFERROR(__xludf.DUMMYFUNCTION("""COMPUTED_VALUE"""),"SFP Footloose program and front of house help") -> SFP Footloose program and front of house help | AP67: 46101 | AQ67: General - Visual Arts Society | AR67: Anna Nelson | AS67: Visual Arts Society | AT67: Committee Member Hours | AU67: Total Hours | AV67: 0.37222222 | AW67: 0.38402778 | AX67: 0.283333 | BC67: (Type) Committee Member Hours | BD67: Clockify Import | BE67: 46101 | BF67: T shirt inquiries
A68: 2026 Volunteer Hours | C68: Midsummer box office | E68: Jen.crabb | F68: Sugar Factory Playhouse | H68: (Type) Committee Member Hours | J68: 46100 | K68: 0.77083333 | L68: 46100 | M68: 0.91666667 | N68: 0.14583333 | O68: 3.5 | S68: 46100 | T68: =IFERROR(__xludf.DUMMYFUNCTION("""COMPUTED_VALUE"""),"General - Sugar Factory Playhouse") -> General - Sugar Factory Playhouse | U68: Jen Crabb | V68: Sugar Factory Playhouse | W68: =IFERROR(__xludf.DUMMYFUNCTION("""COMPUTED_VALUE"""),"Committee Member Hours") -> Committee Member Hours | X68: Total Hours | Y68: 3.5 | Z68: (Type) Committee Member Hours | AA68: Clockify Import | AB68: 46100 | AC68: Midsummer box office | AK68: =IFERROR(__xludf.DUMMYFUNCTION("""COMPUTED_VALUE"""),"Simply Sushi Lunch Meeting") -> Simply Sushi Lunch Meeting | AP68: 46100 | AQ68: General - Sugar Factory Playhouse | AR68: Jen Crabb | AS68: Sugar Factory Playhouse | AT68: Committee Member Hours | AU68: Total Hours | AV68: 0.77083333 | AW68: 0.91666667 | AX68: 3.5 | BC68: (Type) Committee Member Hours | BD68: Clockify Import | BE68: 46100 | BF68: Midsummer box office
A69: 2026 Volunteer Hours | C69: Plein air | E69: maya.collinwood | F69: Visual Arts Society | H69: (Type) Committee Member Hours | J69: 46098 | K69: 0.5625 | L69: 46098 | M69: 0.64583333 | N69: 0.083333333 | O69: 2 | S69: 46098 | T69: =IFERROR(__xludf.DUMMYFUNCTION("""COMPUTED_VALUE"""),"General - Visual Arts Society") -> General - Visual Arts Society | U69: Maya Collinwood | V69: Visual Arts Society | W69: =IFERROR(__xludf.DUMMYFUNCTION("""COMPUTED_VALUE"""),"Committee Member Hours") -> Committee Member Hours | X69: Total Hours | Y69: 2 | Z69: (Type) Committee Member Hours | AA69: Clockify Import | AB69: 46098 | AC69: Plein air | AK69: =IFERROR(__xludf.DUMMYFUNCTION("""COMPUTED_VALUE"""),"Sky Island Quartet Tickets") -> Sky Island Quartet Tickets | AP69: 46098 | AQ69: General - Visual Arts Society | AR69: Maya Collinwood | AS69: Visual Arts Society | AT69: Committee Member Hours | AU69: Total Hours | AV69: 0.5625 | AW69: 0.64583333 | AX69: 2 | BC69: (Type) Committee Member Hours | BD69: Clockify Import | BE69: 46098 | BF69: Plein air
A70: 2026 Volunteer Hours | C70: Treasurer tasks | E70: treasurer | F70: CASWJ Board | H70: (Type) CASWJ Board Hours, (Org) CASWJ Board | J70: 46097 | K70: 0.92986111 | L70: 46097 | M70: 0.95 | N70: 0.020138889 | O70: 0.483333 | S70: 46097 | T70: =IFERROR(__xludf.DUMMYFUNCTION("""COMPUTED_VALUE"""),"General / No Specific Project") -> General / No Specific Project | U70: Chelsea McGee | V70: CASWJ | W70: =IFERROR(__xludf.DUMMYFUNCTION("""COMPUTED_VALUE"""),"CASWJ Board Hours") -> CASWJ Board Hours | X70: Total Hours | Y70: 0.483333 | Z70: (Type) CASWJ Board Hours, (Org) CASWJ Board | AA70: Clockify Import | AB70: 46097 | AC70: Treasurer tasks | AK70: =IFERROR(__xludf.DUMMYFUNCTION("""COMPUTED_VALUE"""),"T shirt inquiries") -> T shirt inquiries | AP70: 46097 | AQ70: General / No Specific Project | AR70: Chelsea McGee | AS70: CASWJ | AT70: CASWJ Board Hours | AU70: Total Hours | AV70: 0.92986111 | AW70: 0.95 | AX70: 0.483333 | BC70: (Type) CASWJ Board Hours, (Org) CASWJ Board | BD70: Clockify Import | BE70: 46097 | BF70: Treasurer tasks
A71: 2026 Volunteer Hours | C71: Treasurer tasks | E71: treasurer | F71: CASWJ Board | H71: (Type) CASWJ Board Hours, (Org) CASWJ Board | J71: 46097 | K71: 0.875 | L71: 46097 | M71: 0.90625 | N71: 0.03125 | O71: 0.75 | S71: 46097 | T71: =IFERROR(__xludf.DUMMYFUNCTION("""COMPUTED_VALUE"""),"General / No Specific Project") -> General / No Specific Project | U71: Chelsea McGee | V71: CASWJ | W71: =IFERROR(__xludf.DUMMYFUNCTION("""COMPUTED_VALUE"""),"CASWJ Board Hours") -> CASWJ Board Hours | X71: Total Hours | Y71: 0.75 | Z71: (Type) CASWJ Board Hours, (Org) CASWJ Board | AA71: Clockify Import | AB71: 46097 | AC71: Treasurer tasks | AK71: =IFERROR(__xludf.DUMMYFUNCTION("""COMPUTED_VALUE"""),"T shirt quotes and volunteer form") -> T shirt quotes and volunteer form | AP71: 46097 | AQ71: General / No Specific Project | AR71: Chelsea McGee | AS71: CASWJ | AT71: CASWJ Board Hours | AU71: Total Hours | AV71: 0.875 | AW71: 0.90625 | AX71: 0.75 | BC71: (Type) CASWJ Board Hours, (Org) CASWJ Board | BD71: Clockify Import | BE71: 46097 | BF71: Treasurer tasks
A72: 2026 Volunteer Hours | C72: Treasurer tasks | E72: treasurer | F72: CASWJ Board | H72: (Type) CASWJ Board Hours, (Org) CASWJ Board | J72: 46097 | K72: 0.48958333 | L72: 46097 | M72: 0.51041667 | N72: 0.020833333 | O72: 0.5 | S72: 46097 | T72: =IFERROR(__xludf.DUMMYFUNCTION("""COMPUTED_VALUE"""),"General / No Specific Project") -> General / No Specific Project | U72: Chelsea McGee | V72: CASWJ | W72: =IFERROR(__xludf.DUMMYFUNCTION("""COMPUTED_VALUE"""),"CASWJ Board Hours") -> CASWJ Board Hours | X72: Total Hours | Y72: 0.5 | Z72: (Type) CASWJ Board Hours, (Org) CASWJ Board | AA72: Clockify Import | AB72: 46097 | AC72: Treasurer tasks | AK72: =IFERROR(__xludf.DUMMYFUNCTION("""COMPUTED_VALUE"""),"Ticket taking") -> Ticket taking | AP72: 46097 | AQ72: General / No Specific Project | AR72: Chelsea McGee | AS72: CASWJ | AT72: CASWJ Board Hours | AU72: Total Hours | AV72: 0.48958333 | AW72: 0.51041667 | AX72: 0.5 | BC72: (Type) CASWJ Board Hours, (Org) CASWJ Board | BD72: Clockify Import | BE72: 46097 | BF72: Treasurer tasks
A73: 2026 Volunteer Hours | C73: Treasurer tasks | E73: treasurer | F73: CASWJ Board | H73: (Type) CASWJ Board Hours, (Org) CASWJ Board | J73: 46097 | K73: 0.35069444 | L73: 46097 | M73: 0.36111111 | N73: 0.010416667 | O73: 0.25 | S73: 46097 | T73: =IFERROR(__xludf.DUMMYFUNCTION("""COMPUTED_VALUE"""),"General / No Specific Project") -> General / No Specific Project | U73: Chelsea McGee | V73: CASWJ | W73: =IFERROR(__xludf.DUMMYFUNCTION("""COMPUTED_VALUE"""),"CASWJ Board Hours") -> CASWJ Board Hours | X73: Total Hours | Y73: 0.25 | Z73: (Type) CASWJ Board Hours, (Org) CASWJ Board | AA73: Clockify Import | AB73: 46097 | AC73: Treasurer tasks | AK73: =IFERROR(__xludf.DUMMYFUNCTION("""COMPUTED_VALUE"""),"token bags") -> token bags | AP73: 46097 | AQ73: General / No Specific Project | AR73: Chelsea McGee | AS73: CASWJ | AT73: CASWJ Board Hours | AU73: Total Hours | AV73: 0.35069444 | AW73: 0.36111111 | AX73: 0.25 | BC73: (Type) CASWJ Board Hours, (Org) CASWJ Board | BD73: Clockify Import | BE73: 46097 | BF73: Treasurer tasks
A74: 2026 Volunteer Hours | C74: Committee meeting | E74: maya.collinwood | F74: Visual Arts Society | H74: (Type) Committee Member Hours | J74: 46095 | K74: 0.66666667 | L74: 46095 | M74: 0.72916667 | N74: 0.0625 | O74: 1.5 | S74: 46095 | T74: =IFERROR(__xludf.DUMMYFUNCTION("""COMPUTED_VALUE"""),"General - Visual Arts Society") -> General - Visual Arts Society | U74: Maya Collinwood | V74: Visual Arts Society | W74: =IFERROR(__xludf.DUMMYFUNCTION("""COMPUTED_VALUE"""),"Committee Member Hours") -> Committee Member Hours | X74: Total Hours | Y74: 1.5 | Z74: (Type) Committee Member Hours | AA74: Clockify Import | AB74: 46095 | AC74: Committee meeting | AK74: =IFERROR(__xludf.DUMMYFUNCTION("""COMPUTED_VALUE"""),"Treasurer tasks") -> Treasurer tasks | AP74: 46095 | AQ74: General - Visual Arts Society | AR74: Maya Collinwood | AS74: Visual Arts Society | AT74: Committee Member Hours | AU74: Total Hours | AV74: 0.66666667 | AW74: 0.72916667 | AX74: 1.5 | BC74: (Type) Committee Member Hours | BD74: Clockify Import | BE74: 46095 | BF74: Committee meeting
A75: 2026 Volunteer Hours | C75: Rehearsal | E75: diana | F75: West Jordan Symphony | H75: (Type) Participant Hours, (Org) West Jordan Symphony | J75: 46095 | K75: 0.375 | L75: 46100 | M75: 0.6875 | N75: 5.3125 | O75: 127.5 | S75: 46095 | T75: =IFERROR(__xludf.DUMMYFUNCTION("""COMPUTED_VALUE"""),"General - West Jordan Symphony") -> General - West Jordan Symphony | U75: Diana Larsen | V75: West Jordan Symphony | W75: =IFERROR(__xludf.DUMMYFUNCTION("""COMPUTED_VALUE"""),"Participant Hours") -> Participant Hours | X75: Total Hours | Y75: 127.5 | Z75: (Type) Participant Hours, (Org) West Jordan Symphony | AA75: Clockify Import | AB75: 46095 | AC75: Rehearsal | AK75: =IFERROR(__xludf.DUMMYFUNCTION("""COMPUTED_VALUE"""),"Treasurer tasks February") -> Treasurer tasks February | AP75: 46095 | AQ75: General - West Jordan Symphony | AR75: Diana Larsen | AS75: West Jordan Symphony | AT75: Participant Hours | AU75: Total Hours | AV75: 0.375 | AW75: 0.6875 | AX75: 127.5 | BC75: (Type) Participant Hours, (Org) West Jordan Symphony | BD75: Clockify Import | BE75: 46095 | BF75: Rehearsal
A76: 2026 Volunteer Hours | C76: Midsummer program | E76: Jen.crabb | F76: Sugar Factory Playhouse | H76: (Type) Committee Member Hours | J76: 46094 | K76: 0.675 | L76: 46094 | M76: 0.75833333 | N76: 0.083333333 | O76: 2 | S76: 46094 | T76: =IFERROR(__xludf.DUMMYFUNCTION("""COMPUTED_VALUE"""),"General - Sugar Factory Playhouse") -> General - Sugar Factory Playhouse | U76: Jen Crabb | V76: Sugar Factory Playhouse | W76: =IFERROR(__xludf.DUMMYFUNCTION("""COMPUTED_VALUE"""),"Committee Member Hours") -> Committee Member Hours | X76: Total Hours | Y76: 2 | Z76: (Type) Committee Member Hours | AA76: Clockify Import | AB76: 46094 | AC76: Midsummer program | AK76: =IFERROR(__xludf.DUMMYFUNCTION("""COMPUTED_VALUE"""),"Trevor McFarland - Director/February") -> Trevor McFarland - Director/February | AP76: 46094 | AQ76: General - Sugar Factory Playhouse | AR76: Jen Crabb | AS76: Sugar Factory Playhouse | AT76: Committee Member Hours | AU76: Total Hours | AV76: 0.675 | AW76: 0.75833333 | AX76: 2 | BC76: (Type) Committee Member Hours | BD76: Clockify Import | BE76: 46094 | BF76: Midsummer program
A77: 2026 Volunteer Hours | C77: WJAC Planning meeting | E77: Anna Nelson | F77: Visual Arts Society | H77: (Type) Committee Member Hours | J77: 46094 | K77: 0.66666667 | L77: 46094 | M77: 0.72222222 | N77: 0.055555556 | O77: 1.333333 | S77: 46094 | T77: =IFERROR(__xludf.DUMMYFUNCTION("""COMPUTED_VALUE"""),"General - Visual Arts Society") -> General - Visual Arts Society | U77: Anna Nelson | V77: Visual Arts Society | W77: =IFERROR(__xludf.DUMMYFUNCTION("""COMPUTED_VALUE"""),"Committee Member Hours") -> Committee Member Hours | X77: Total Hours | Y77: 1.333333 | Z77: (Type) Committee Member Hours | AA77: Clockify Import | AB77: 46094 | AC77: WJAC Planning meeting | AK77: =IFERROR(__xludf.DUMMYFUNCTION("""COMPUTED_VALUE"""),"Trevor McFarland - Director/January") -> Trevor McFarland - Director/January | AP77: 46094 | AQ77: General - Visual Arts Society | AR77: Anna Nelson | AS77: Visual Arts Society | AT77: Committee Member Hours | AU77: Total Hours | AV77: 0.66666667 | AW77: 0.72222222 | AX77: 1.333333 | BC77: (Type) Committee Member Hours | BD77: Clockify Import | BE77: 46094 | BF77: WJAC Planning meeting
A78: 2026 Volunteer Hours | C78: Artist Apps | E78: brianna.thaxton | F78: Visual Arts Society | H78: (Event) Art in the Park 2026, (Org) Visual Arts Society, (Type) Committee Member Hours | J78: 46094 | K78: 0.58333333 | L78: 46094 | M78: 0.59027778 | N78: 0.0069444444 | O78: 0.166667 | S78: 46094 | T78: =IFERROR(__xludf.DUMMYFUNCTION("""COMPUTED_VALUE"""),"Art in the Park 2026") -> Art in the Park 2026 | U78: Briana Thaxton | V78: Visual Arts Society | W78: =IFERROR(__xludf.DUMMYFUNCTION("""COMPUTED_VALUE"""),"Committee Member Hours") -> Committee Member Hours | X78: Total Hours | Y78: 0.166667 | Z78: (Event) Art in the Park 2026, (Org) Visual Arts Society, (Type) Committee Member Hours | AA78: Clockify Import | AB78: 46094 | AC78: Artist Apps | AK78: =IFERROR(__xludf.DUMMYFUNCTION("""COMPUTED_VALUE"""),"Venue walk through") -> Venue walk through | AP78: 46094 | AQ78: Art in the Park 2026 | AR78: Briana Thaxton | AS78: Visual Arts Society | AT78: Committee Member Hours | AU78: Total Hours | AV78: 0.58333333 | AW78: 0.59027778 | AX78: 0.166667 | BC78: (Event) Art in the Park 2026, (Org) Visual Arts Society, (Type) Committee Member Hours | BD78: Clockify Import | BE78: 46094 | BF78: Artist Apps
A79: 2026 Volunteer Hours | C79: Conversation garden meeting | E79: maya.collinwood | F79: Visual Arts Society | H79: (Type) Committee Member Hours | J79: 46092 | K79: 0.375 | L79: 46092 | M79: 0.4375 | N79: 0.0625 | O79: 1.5 | S79: 46092 | T79: =IFERROR(__xludf.DUMMYFUNCTION("""COMPUTED_VALUE"""),"General - Visual Arts Society") -> General - Visual Arts Society | U79: Maya Collinwood | V79: Visual Arts Society | W79: =IFERROR(__xludf.DUMMYFUNCTION("""COMPUTED_VALUE"""),"Committee Member Hours") -> Committee Member Hours | X79: Total Hours | Y79: 1.5 | Z79: (Type) Committee Member Hours | AA79: Clockify Import | AB79: 46092 | AC79: Conversation garden meeting | AK79: =IFERROR(__xludf.DUMMYFUNCTION("""COMPUTED_VALUE"""),"Visual Arts") -> Visual Arts | AP79: 46092 | AQ79: General - Visual Arts Society | AR79: Maya Collinwood | AS79: Visual Arts Society | AT79: Committee Member Hours | AU79: Total Hours | AV79: 0.375 | AW79: 0.4375 | AX79: 1.5 | BC79: (Type) Committee Member Hours | BD79: Clockify Import | BE79: 46092 | BF79: Conversation garden meeting
A80: 2026 Volunteer Hours | C80: Conservation Garden meeting | E80: Anna Nelson | F80: Visual Arts Society | H80: (Type) Committee Member Hours | J80: 46091 | K80: 0.39861111 | L80: 46091 | M80: 0.41319444 | N80: 0.014583333 | O80: 0.35 | S80: 46091 | T80: =IFERROR(__xludf.DUMMYFUNCTION("""COMPUTED_VALUE"""),"General - Visual Arts Society") -> General - Visual Arts Society | U80: Anna Nelson | V80: Visual Arts Society | W80: =IFERROR(__xludf.DUMMYFUNCTION("""COMPUTED_VALUE"""),"Committee Member Hours") -> Committee Member Hours | X80: Total Hours | Y80: 0.35 | Z80: (Type) Committee Member Hours | AA80: Clockify Import | AB80: 46091 | AC80: Conservation Garden meeting | AK80: =IFERROR(__xludf.DUMMYFUNCTION("""COMPUTED_VALUE"""),"volunteer form") -> volunteer form | AP80: 46091 | AQ80: General - Visual Arts Society | AR80: Anna Nelson | AS80: Visual Arts Society | AT80: Committee Member Hours | AU80: Total Hours | AV80: 0.39861111 | AW80: 0.41319444 | AX80: 0.35 | BC80: (Type) Committee Member Hours | BD80: Clockify Import | BE80: 46091 | BF80: Conservation Garden meeting
A81: 2026 Volunteer Hours | C81: Requesting quotes from various t shirt printing businesses. | E81: Anna Nelson | F81: Visual Arts Society | H81: (Type) Committee Member Hours | J81: 46090 | K81: 0.89513889 | L81: 46090 | M81: 0.90902778 | N81: 0.013888889 | O81: 0.333333 | S81: 46090 | T81: =IFERROR(__xludf.DUMMYFUNCTION("""COMPUTED_VALUE"""),"General - Visual Arts Society") -> General - Visual Arts Society | U81: Anna Nelson | V81: Visual Arts Society | W81: =IFERROR(__xludf.DUMMYFUNCTION("""COMPUTED_VALUE"""),"Committee Member Hours") -> Committee Member Hours | X81: Total Hours | Y81: 0.333333 | Z81: (Type) Committee Member Hours | AA81: Clockify Import | AB81: 46090 | AC81: Requesting quotes from various t shirt printing businesses. | AK81: =IFERROR(__xludf.DUMMYFUNCTION("""COMPUTED_VALUE"""),"Volunteer form and flyer") -> Volunteer form and flyer | AP81: 46090 | AQ81: General - Visual Arts Society | AR81: Anna Nelson | AS81: Visual Arts Society | AT81: Committee Member Hours | AU81: Total Hours | AV81: 0.89513889 | AW81: 0.90902778 | AX81: 0.333333 | BC81: (Type) Committee Member Hours | BD81: Clockify Import | BE81: 46090 | BF81: Requesting quotes from various t shirt printing businesses.
A82: 2026 Volunteer Hours | C82: Pricing of yard signs and t shirts for Art Festival | E82: Anna Nelson | F82: Visual Arts Society | H82: (Type) Committee Member Hours | J82: 46090 | K82: 0.87430556 | L82: 46090 | M82: 0.88888889 | N82: 0.014583333 | O82: 0.35 | S82: 46090 | T82: =IFERROR(__xludf.DUMMYFUNCTION("""COMPUTED_VALUE"""),"General - Visual Arts Society") -> General - Visual Arts Society | U82: Anna Nelson | V82: Visual Arts Society | W82: =IFERROR(__xludf.DUMMYFUNCTION("""COMPUTED_VALUE"""),"Committee Member Hours") -> Committee Member Hours | X82: Total Hours | Y82: 0.35 | Z82: (Type) Committee Member Hours | AA82: Clockify Import | AB82: 46090 | AC82: Pricing of yard signs and t shirts for Art Festival | AK82: =IFERROR(__xludf.DUMMYFUNCTION("""COMPUTED_VALUE"""),"volunteer hour tracking") -> volunteer hour tracking | AP82: 46090 | AQ82: General - Visual Arts Society | AR82: Anna Nelson | AS82: Visual Arts Society | AT82: Committee Member Hours | AU82: Total Hours | AV82: 0.87430556 | AW82: 0.88888889 | AX82: 0.35 | BC82: (Type) Committee Member Hours | BD82: Clockify Import | BE82: 46090 | BF82: Pricing of yard signs and t shirts for Art Festival
A83: 2026 Volunteer Hours | C83: SFP Board meeting | E83: Jen.crabb | F83: Sugar Factory Playhouse | H83: (Org) Sugar Factory Playhouse, (Type) Committee Member Hours | J83: 46090 | K83: 0.79166667 | L83: 46090 | M83: 0.91666667 | N83: 0.125 | O83: 3 | S83: 46090 | T83: =IFERROR(__xludf.DUMMYFUNCTION("""COMPUTED_VALUE"""),"General - Sugar Factory Playhouse") -> General - Sugar Factory Playhouse | U83: Jen Crabb | V83: Sugar Factory Playhouse | W83: =IFERROR(__xludf.DUMMYFUNCTION("""COMPUTED_VALUE"""),"Committee Member Hours") -> Committee Member Hours | X83: Total Hours | Y83: 3 | Z83: (Org) Sugar Factory Playhouse, (Type) Committee Member Hours | AA83: Clockify Import | AB83: 46090 | AC83: SFP Board meeting | AK83: =IFERROR(__xludf.DUMMYFUNCTION("""COMPUTED_VALUE"""),"Volunteer hours and thank you") -> Volunteer hours and thank you | AP83: 46090 | AQ83: General - Sugar Factory Playhouse | AR83: Jen Crabb | AS83: Sugar Factory Playhouse | AT83: Committee Member Hours | AU83: Total Hours | AV83: 0.79166667 | AW83: 0.91666667 | AX83: 3 | BC83: (Org) Sugar Factory Playhouse, (Type) Committee Member Hours | BD83: Clockify Import | BE83: 46090 | BF83: SFP Board meeting
A84: 2026 Volunteer Hours | C84: Treasurer tasks | E84: treasurer | F84: CASWJ Board | H84: (Type) CASWJ Board Hours, (Org) CASWJ Board | J84: 46090 | K84: 0.66875 | L84: 46090 | M84: 0.71041667 | N84: 0.041666667 | O84: 1 | S84: 46090 | T84: =IFERROR(__xludf.DUMMYFUNCTION("""COMPUTED_VALUE"""),"General / No Specific Project") -> General / No Specific Project | U84: Chelsea McGee | V84: CASWJ | W84: =IFERROR(__xludf.DUMMYFUNCTION("""COMPUTED_VALUE"""),"CASWJ Board Hours") -> CASWJ Board Hours | X84: Total Hours | Y84: 1 | Z84: (Type) CASWJ Board Hours, (Org) CASWJ Board | AA84: Clockify Import | AB84: 46090 | AC84: Treasurer tasks | AK84: =IFERROR(__xludf.DUMMYFUNCTION("""COMPUTED_VALUE"""),"volunteer information/assignments, buy stamps, cut bingo cards") -> volunteer information/assignments, buy stamps, cut bingo cards | AP84: 46090 | AQ84: General / No Specific Project | AR84: Chelsea McGee | AS84: CASWJ | AT84: CASWJ Board Hours | AU84: Total Hours | AV84: 0.66875 | AW84: 0.71041667 | AX84: 1 | BC84: (Type) CASWJ Board Hours, (Org) CASWJ Board | BD84: Clockify Import | BE84: 46090 | BF84: Treasurer tasks
A85: 2026 Volunteer Hours | C85: Treasurer tasks | E85: treasurer | F85: CASWJ Board | H85: (Type) CASWJ Board Hours, (Org) CASWJ Board | J85: 46089 | K85: 0.65763889 | L85: 46089 | M85: 0.69930556 | N85: 0.041666667 | O85: 1 | S85: 46089 | T85: =IFERROR(__xludf.DUMMYFUNCTION("""COMPUTED_VALUE"""),"General / No Specific Project") -> General / No Specific Project | U85: Chelsea McGee | V85: CASWJ | W85: =IFERROR(__xludf.DUMMYFUNCTION("""COMPUTED_VALUE"""),"CASWJ Board Hours") -> CASWJ Board Hours | X85: Total Hours | Y85: 1 | Z85: (Type) CASWJ Board Hours, (Org) CASWJ Board | AA85: Clockify Import | AB85: 46089 | AC85: Treasurer tasks | AK85: =IFERROR(__xludf.DUMMYFUNCTION("""COMPUTED_VALUE"""),"volunteer outreach") -> volunteer outreach | AP85: 46089 | AQ85: General / No Specific Project | AR85: Chelsea McGee | AS85: CASWJ | AT85: CASWJ Board Hours | AU85: Total Hours | AV85: 0.65763889 | AW85: 0.69930556 | AX85: 1 | BC85: (Type) CASWJ Board Hours, (Org) CASWJ Board | BD85: Clockify Import | BE85: 46089 | BF85: Treasurer tasks
A86: 2026 Volunteer Hours | C86: Rehearsal | E86: diana | F86: West Jordan Symphony | H86: (Type) Participant Hours, (Org) West Jordan Symphony | J86: 46088 | K86: 0.375 | L86: 46092 | M86: 0.020833333 | N86: 3.6041667 | O86: 86.5 | S86: 46088 | T86: =IFERROR(__xludf.DUMMYFUNCTION("""COMPUTED_VALUE"""),"General - West Jordan Symphony") -> General - West Jordan Symphony | U86: Diana Larsen | V86: West Jordan Symphony | W86: =IFERROR(__xludf.DUMMYFUNCTION("""COMPUTED_VALUE"""),"Participant Hours") -> Participant Hours | X86: Total Hours | Y86: 86.5 | Z86: (Type) Participant Hours, (Org) West Jordan Symphony | AA86: Clockify Import | AB86: 46088 | AC86: Rehearsal | AK86: =IFERROR(__xludf.DUMMYFUNCTION("""COMPUTED_VALUE"""),"volunteer outreach and sign in form") -> volunteer outreach and sign in form | AP86: 46088 | AQ86: General - West Jordan Symphony | AR86: Diana Larsen | AS86: West Jordan Symphony | AT86: Participant Hours | AU86: Total Hours | AV86: 0.375 | AW86: 0.020833333 | AX86: 86.5 | BC86: (Type) Participant Hours, (Org) West Jordan Symphony | BD86: Clockify Import | BE86: 46088 | BF86: Rehearsal
A87: 2026 Volunteer Hours | C87: Meeting with Dillon, map, reminder emails | E87: brianna.thaxton | F87: Visual Arts Society | H87: (Event) Art in the Park 2026, (Org) Visual Arts Society, (Type) Committee Member Hours | J87: 46087 | K87: 0.625 | L87: 46087 | M87: 0.7375 | N87: 0.1125 | O87: 2.7 | S87: 46087 | T87: =IFERROR(__xludf.DUMMYFUNCTION("""COMPUTED_VALUE"""),"Art in the Park 2026") -> Art in the Park 2026 | U87: Briana Thaxton | V87: Visual Arts Society | W87: =IFERROR(__xludf.DUMMYFUNCTION("""COMPUTED_VALUE"""),"Committee Member Hours") -> Committee Member Hours | X87: Total Hours | Y87: 2.7 | Z87: (Event) Art in the Park 2026, (Org) Visual Arts Society, (Type) Committee Member Hours | AA87: Clockify Import | AB87: 46087 | AC87: Meeting with Dillon, map, reminder emails | AK87: =IFERROR(__xludf.DUMMYFUNCTION("""COMPUTED_VALUE"""),"volunteer recruitment") -> volunteer recruitment | AP87: 46087 | AQ87: Art in the Park 2026 | AR87: Briana Thaxton | AS87: Visual Arts Society | AT87: Committee Member Hours | AU87: Total Hours | AV87: 0.625 | AW87: 0.7375 | AX87: 2.7 | BC87: (Event) Art in the Park 2026, (Org) Visual Arts Society, (Type) Committee Member Hours | BD87: Clockify Import | BE87: 46087 | BF87: Meeting with Dillon, map, reminder emails
A88: 2026 Volunteer Hours | C88: Artist Apps | E88: brianna.thaxton | F88: Visual Arts Society | H88: (Event) Art in the Park 2026, (Org) Visual Arts Society, (Type) Committee Member Hours | J88: 46086 | K88: 0.77638889 | L88: 46086 | M88: 0.80972222 | N88: 0.033333333 | O88: 0.8 | S88: 46086 | T88: =IFERROR(__xludf.DUMMYFUNCTION("""COMPUTED_VALUE"""),"Art in the Park 2026") -> Art in the Park 2026 | U88: Briana Thaxton | V88: Visual Arts Society | W88: =IFERROR(__xludf.DUMMYFUNCTION("""COMPUTED_VALUE"""),"Committee Member Hours") -> Committee Member Hours | X88: Total Hours | Y88: 0.8 | Z88: (Event) Art in the Park 2026, (Org) Visual Arts Society, (Type) Committee Member Hours | AA88: Clockify Import | AB88: 46086 | AC88: Artist Apps | AK88: =IFERROR(__xludf.DUMMYFUNCTION("""COMPUTED_VALUE"""),"West Jordan board hours June") -> West Jordan board hours June | AP88: 46086 | AQ88: Art in the Park 2026 | AR88: Briana Thaxton | AS88: Visual Arts Society | AT88: Committee Member Hours | AU88: Total Hours | AV88: 0.77638889 | AW88: 0.80972222 | AX88: 0.8 | BC88: (Event) Art in the Park 2026, (Org) Visual Arts Society, (Type) Committee Member Hours | BD88: Clockify Import | BE88: 46086 | BF88: Artist Apps
A89: 2026 Volunteer Hours | C89: Treasurer tasks | E89: treasurer | F89: CASWJ Board | H89: (Type) CASWJ Board Hours, (Org) CASWJ Board | J89: 46085 | K89: 0.75 | L89: 46085 | M89: 0.82777778 | N89: 0.077777778 | O89: 1.866667 | S89: 46085 | T89: =IFERROR(__xludf.DUMMYFUNCTION("""COMPUTED_VALUE"""),"General / No Specific Project") -> General / No Specific Project | U89: Chelsea McGee | V89: CASWJ | W89: =IFERROR(__xludf.DUMMYFUNCTION("""COMPUTED_VALUE"""),"CASWJ Board Hours") -> CASWJ Board Hours | X89: Total Hours | Y89: 1.866667 | Z89: (Type) CASWJ Board Hours, (Org) CASWJ Board | AA89: Clockify Import | AB89: 46085 | AC89: Treasurer tasks | AK89: =IFERROR(__xludf.DUMMYFUNCTION("""COMPUTED_VALUE"""),"WJAC Meeting") -> WJAC Meeting | AP89: 46085 | AQ89: General / No Specific Project | AR89: Chelsea McGee | AS89: CASWJ | AT89: CASWJ Board Hours | AU89: Total Hours | AV89: 0.75 | AW89: 0.82777778 | AX89: 1.866667 | BC89: (Type) CASWJ Board Hours, (Org) CASWJ Board | BD89: Clockify Import | BE89: 46085 | BF89: Treasurer tasks
A90: 2026 Volunteer Hours | C90: Treasurer tasks | E90: treasurer | F90: CASWJ Board | H90: (Type) CASWJ Board Hours, (Org) CASWJ Board | J90: 46083 | K90: 0.82916667 | L90: 46083 | M90: 0.87083333 | N90: 0.041666667 | O90: 1 | S90: 46083 | T90: =IFERROR(__xludf.DUMMYFUNCTION("""COMPUTED_VALUE"""),"General / No Specific Project") -> General / No Specific Project | U90: Chelsea McGee | V90: CASWJ | W90: =IFERROR(__xludf.DUMMYFUNCTION("""COMPUTED_VALUE"""),"CASWJ Board Hours") -> CASWJ Board Hours | X90: Total Hours | Y90: 1 | Z90: (Type) CASWJ Board Hours, (Org) CASWJ Board | AA90: Clockify Import | AB90: 46083 | AC90: Treasurer tasks | AK90: =IFERROR(__xludf.DUMMYFUNCTION("""COMPUTED_VALUE"""),"WJAC Planning meeting") -> WJAC Planning meeting | AP90: 46083 | AQ90: General / No Specific Project | AR90: Chelsea McGee | AS90: CASWJ | AT90: CASWJ Board Hours | AU90: Total Hours | AV90: 0.82916667 | AW90: 0.87083333 | AX90: 1 | BC90: (Type) CASWJ Board Hours, (Org) CASWJ Board | BD90: Clockify Import | BE90: 46083 | BF90: Treasurer tasks
A91: 2026 Volunteer Hours | C91: Treasurer tasks | E91: treasurer | F91: CASWJ Board | H91: (Type) CASWJ Board Hours, (Org) CASWJ Board | J91: 46083 | K91: 0.50347222 | L91: 46083 | M91: 0.51041667 | N91: 0.0069444444 | O91: 0.166667 | S91: 46083 | T91: =IFERROR(__xludf.DUMMYFUNCTION("""COMPUTED_VALUE"""),"General / No Specific Project") -> General / No Specific Project | U91: Chelsea McGee | V91: CASWJ | W91: =IFERROR(__xludf.DUMMYFUNCTION("""COMPUTED_VALUE"""),"CASWJ Board Hours") -> CASWJ Board Hours | X91: Total Hours | Y91: 0.166667 | Z91: (Type) CASWJ Board Hours, (Org) CASWJ Board | AA91: Clockify Import | AB91: 46083 | AC91: Treasurer tasks | AK91: =IFERROR(__xludf.DUMMYFUNCTION("""COMPUTED_VALUE"""),"WJYT April Volunteer Hours") -> WJYT April Volunteer Hours | AP91: 46083 | AQ91: General / No Specific Project | AR91: Chelsea McGee | AS91: CASWJ | AT91: CASWJ Board Hours | AU91: Total Hours | AV91: 0.50347222 | AW91: 0.51041667 | AX91: 0.166667 | BC91: (Type) CASWJ Board Hours, (Org) CASWJ Board | BD91: Clockify Import | BE91: 46083 | BF91: Treasurer tasks
A92: 2026 Volunteer Hours | C92: Treasurer tasks | E92: treasurer | F92: CASWJ Board | H92: (Type) CASWJ Board Hours, (Org) CASWJ Board | J92: 46082 | K92: 0.55416667 | L92: 46082 | M92: 0.59583333 | N92: 0.041666667 | O92: 1 | S92: 46082 | T92: =IFERROR(__xludf.DUMMYFUNCTION("""COMPUTED_VALUE"""),"General / No Specific Project") -> General / No Specific Project | U92: Chelsea McGee | V92: CASWJ | W92: =IFERROR(__xludf.DUMMYFUNCTION("""COMPUTED_VALUE"""),"CASWJ Board Hours") -> CASWJ Board Hours | X92: Total Hours | Y92: 1 | Z92: (Type) CASWJ Board Hours, (Org) CASWJ Board | AA92: Clockify Import | AB92: 46082 | AC92: Treasurer tasks | AK92: =IFERROR(__xludf.DUMMYFUNCTION("""COMPUTED_VALUE"""),"WJYT February Volunteer hours") -> WJYT February Volunteer hours | AP92: 46082 | AQ92: General / No Specific Project | AR92: Chelsea McGee | AS92: CASWJ | AT92: CASWJ Board Hours | AU92: Total Hours | AV92: 0.55416667 | AW92: 0.59583333 | AX92: 1 | BC92: (Type) CASWJ Board Hours, (Org) CASWJ Board | BD92: Clockify Import | BE92: 46082 | BF92: Treasurer tasks
A93: 2026 Volunteer Hours | C93: contacting volunteers | E93: Anna Nelson | F93: Visual Arts Society | H93: (Org) Visual Arts Society, (Type) Committee Member Hours | J93: 46142 | K93: 0.54166667 | L93: 46142 | M93: 0.58333333 | N93: 0.041666667 | O93: 1 | S93: 46142 | T93: =IFERROR(__xludf.DUMMYFUNCTION("""COMPUTED_VALUE"""),"General - Visual Arts Society") -> General - Visual Arts Society | U93: Anna Nelson | V93: Visual Arts Society | W93: =IFERROR(__xludf.DUMMYFUNCTION("""COMPUTED_VALUE"""),"Committee Member Hours") -> Committee Member Hours | X93: Total Hours | Y93: 1 | Z93: (Org) Visual Arts Society, (Type) Committee Member Hours | AA93: Clockify Import | AB93: 46142 | AC93: contacting volunteers | AK93: =IFERROR(__xludf.DUMMYFUNCTION("""COMPUTED_VALUE"""),"WJYT January Volunteer Hours") -> WJYT January Volunteer Hours | AP93: 46142 | AQ93: General - Visual Arts Society | AR93: Anna Nelson | AS93: Visual Arts Society | AT93: Committee Member Hours | AU93: Total Hours | AV93: 0.54166667 | AW93: 0.58333333 | AX93: 1 | BC93: (Org) Visual Arts Society, (Type) Committee Member Hours | BD93: Clockify Import | BE93: 46142 | BF93: contacting volunteers
A94: 2026 Volunteer Hours | C94: Meeting | E94: maya.collinwood | F94: Visual Arts Society | H94: (Org) Visual Arts Society | J94: 46142 | K94: 0.54166667 | L94: 46142 | M94: 0.625 | N94: 0.083333333 | O94: 2 | S94: 46142 | T94: =IFERROR(__xludf.DUMMYFUNCTION("""COMPUTED_VALUE"""),"General - Visual Arts Society") -> General - Visual Arts Society | U94: Maya Collinwood | V94: Visual Arts Society | W94: =IFERROR(__xludf.DUMMYFUNCTION("""COMPUTED_VALUE"""),"") | X94: Total Hours | Y94: 2 | Z94: (Org) Visual Arts Society | AA94: Clockify Import | AB94: 46142 | AC94: Meeting | AK94: =IFERROR(__xludf.DUMMYFUNCTION("""COMPUTED_VALUE"""),"WJYT June Volunteer hours") -> WJYT June Volunteer hours | AP94: 46142 | AQ94: General - Visual Arts Society | AR94: Maya Collinwood | AS94: Visual Arts Society | AU94: Total Hours | AV94: 0.54166667 | AW94: 0.625 | AX94: 2 | BC94: (Org) Visual Arts Society | BD94: Clockify Import | BE94: 46142 | BF94: Meeting
A95: 2026 Volunteer Hours | C95: Art in the park | E95: maya.collinwood | F95: Visual Arts Society | H95: (Org) Visual Arts Society, (Type) Committee Member Hours | J95: 46142 | K95: 0.45833333 | L95: 46142 | M95: 0.54166667 | N95: 0.083333333 | O95: 2 | S95: 46142 | T95: =IFERROR(__xludf.DUMMYFUNCTION("""COMPUTED_VALUE"""),"General - Visual Arts Society") -> General - Visual Arts Society | U95: Maya Collinwood | V95: Visual Arts Society | W95: =IFERROR(__xludf.DUMMYFUNCTION("""COMPUTED_VALUE"""),"Committee Member Hours") -> Committee Member Hours | X95: Total Hours | Y95: 2 | Z95: (Org) Visual Arts Society, (Type) Committee Member Hours | AA95: Clockify Import | AB95: 46142 | AC95: Art in the park | AK95: =IFERROR(__xludf.DUMMYFUNCTION("""COMPUTED_VALUE"""),"WJYT March Volunteer Hours") -> WJYT March Volunteer Hours | AP95: 46142 | AQ95: General - Visual Arts Society | AR95: Maya Collinwood | AS95: Visual Arts Society | AT95: Committee Member Hours | AU95: Total Hours | AV95: 0.45833333 | AW95: 0.54166667 | AX95: 2 | BC95: (Org) Visual Arts Society, (Type) Committee Member Hours | BD95: Clockify Import | BE95: 46142 | BF95: Art in the park
A96: 2026 Volunteer Hours | C96: contacting volunteers | E96: Anna Nelson | F96: Visual Arts Society | H96: (Org) Visual Arts Society, (Type) Committee Member Hours | J96: 46139 | K96: 0.94791667 | L96: 46139 | M96: 0.99027778 | N96: 0.042361111 | O96: 1.016667 | S96: 46139 | T96: =IFERROR(__xludf.DUMMYFUNCTION("""COMPUTED_VALUE"""),"General - Visual Arts Society") -> General - Visual Arts Society | U96: Anna Nelson | V96: Visual Arts Society | W96: =IFERROR(__xludf.DUMMYFUNCTION("""COMPUTED_VALUE"""),"Committee Member Hours") -> Committee Member Hours | X96: Total Hours | Y96: 1.016667 | Z96: (Org) Visual Arts Society, (Type) Committee Member Hours | AA96: Clockify Import | AB96: 46139 | AC96: contacting volunteers | AK96: =IFERROR(__xludf.DUMMYFUNCTION("""COMPUTED_VALUE"""),"WJYT March Volunteer hours") -> WJYT March Volunteer hours | AP96: 46139 | AQ96: General - Visual Arts Society | AR96: Anna Nelson | AS96: Visual Arts Society | AT96: Committee Member Hours | AU96: Total Hours | AV96: 0.94791667 | AW96: 0.99027778 | AX96: 1.016667 | BC96: (Org) Visual Arts Society, (Type) Committee Member Hours | BD96: Clockify Import | BE96: 46139 | BF96: contacting volunteers
A97: 2026 Volunteer Hours | C97: Treasurer tasks | E97: treasurer | F97: CASWJ Board | H97: (Type) CASWJ Board Hours, (Org) CASWJ Board | J97: 46139 | K97: 0.625 | L97: 46139 | M97: 0.66666667 | N97: 0.041666667 | O97: 1 | S97: 46139 | T97: =IFERROR(__xludf.DUMMYFUNCTION("""COMPUTED_VALUE"""),"General / No Specific Project") -> General / No Specific Project | U97: Chelsea McGee | V97: CASWJ | W97: =IFERROR(__xludf.DUMMYFUNCTION("""COMPUTED_VALUE"""),"CASWJ Board Hours") -> CASWJ Board Hours | X97: Total Hours | Y97: 1 | Z97: (Type) CASWJ Board Hours, (Org) CASWJ Board | AA97: Clockify Import | AB97: 46139 | AC97: Treasurer tasks | AK97: =IFERROR(__xludf.DUMMYFUNCTION("""COMPUTED_VALUE"""),"WJYT May Volunteer Hours") -> WJYT May Volunteer Hours | AP97: 46139 | AQ97: General / No Specific Project | AR97: Chelsea McGee | AS97: CASWJ | AT97: CASWJ Board Hours | AU97: Total Hours | AV97: 0.625 | AW97: 0.66666667 | AX97: 1 | BC97: (Type) CASWJ Board Hours, (Org) CASWJ Board | BD97: Clockify Import | BE97: 46139 | BF97: Treasurer tasks
A98: 2026 Volunteer Hours | C98: Meeting | E98: Anna Nelson | F98: Visual Arts Society | H98: (Org) Visual Arts Society, (Type) Committee Member Hours | J98: 46137 | K98: 0.79166667 | L98: 46137 | M98: 0.83333333 | N98: 0.041666667 | O98: 1 | S98: 46137 | T98: =IFERROR(__xludf.DUMMYFUNCTION("""COMPUTED_VALUE"""),"General - Visual Arts Society") -> General - Visual Arts Society | U98: Anna Nelson | V98: Visual Arts Society | W98: =IFERROR(__xludf.DUMMYFUNCTION("""COMPUTED_VALUE"""),"Committee Member Hours") -> Committee Member Hours | X98: Total Hours | Y98: 1 | Z98: (Org) Visual Arts Society, (Type) Committee Member Hours | AA98: Clockify Import | AB98: 46137 | AC98: Meeting | AK98: =IFERROR(__xludf.DUMMYFUNCTION("""COMPUTED_VALUE"""),"WYJT May Volunteer Hours") -> WYJT May Volunteer Hours | AP98: 46137 | AQ98: General - Visual Arts Society | AR98: Anna Nelson | AS98: Visual Arts Society | AT98: Committee Member Hours | AU98: Total Hours | AV98: 0.79166667 | AW98: 0.83333333 | AX98: 1 | BC98: (Org) Visual Arts Society, (Type) Committee Member Hours | BD98: Clockify Import | BE98: 46137 | BF98: Meeting
A99: 2026 Volunteer Hours | C99: picking up t shirts | E99: Anna Nelson | F99: Visual Arts Society | H99: (Org) Visual Arts Society, (Type) Volunteer Hours | J99: 46137 | K99: 0.6875 | L99: 46137 | M99: 0.70833333 | N99: 0.020833333 | O99: 0.5 | S99: 46137 | T99: =IFERROR(__xludf.DUMMYFUNCTION("""COMPUTED_VALUE"""),"General - Visual Arts Society") -> General - Visual Arts Society | U99: Anna Nelson | V99: Visual Arts Society | W99: =IFERROR(__xludf.DUMMYFUNCTION("""COMPUTED_VALUE"""),"Volunteer Hours") -> Volunteer Hours | X99: Total Hours | Y99: 0.5 | Z99: (Org) Visual Arts Society, (Type) Volunteer Hours | AA99: Clockify Import | AB99: 46137 | AC99: picking up t shirts | AP99: 46137 | AQ99: General - Visual Arts Society | AR99: Anna Nelson | AS99: Visual Arts Society | AT99: Volunteer Hours | AU99: Total Hours | AV99: 0.6875 | AW99: 0.70833333 | AX99: 0.5 | BC99: (Org) Visual Arts Society, (Type) Volunteer Hours | BD99: Clockify Import | BE99: 46137 | BF99: picking up t shirts
A100: 2026 Volunteer Hours | C100: Rehearsal | E100: diana | F100: West Jordan Symphony | H100: (Type) Participant Hours, (Org) West Jordan Symphony | J100: 46137 | K100: 0.375 | L100: 46142 | M100: 0.16666667 | N100: 4.7916667 | O100: 115 | S100: 46137 | T100: =IFERROR(__xludf.DUMMYFUNCTION("""COMPUTED_VALUE"""),"General - West Jordan Symphony") -> General - West Jordan Symphony | U100: Diana Larsen | V100: West Jordan Symphony | W100: =IFERROR(__xludf.DUMMYFUNCTION("""COMPUTED_VALUE"""),"Participant Hours") -> Participant Hours | X100: Total Hours | Y100: 115 | Z100: (Type) Participant Hours, (Org) West Jordan Symphony | AA100: Clockify Import | AB100: 46137 | AC100: Rehearsal | AP100: 46137 | AQ100: General - West Jordan Symphony | AR100: Diana Larsen | AS100: West Jordan Symphony | AT100: Participant Hours | AU100: Total Hours | AV100: 0.375 | AW100: 0.16666667 | AX100: 115 | BC100: (Type) Participant Hours, (Org) West Jordan Symphony | BD100: Clockify Import | BE100: 46137 | BF100: Rehearsal
...
